Code,GLOSS ID,Country,Location,Connection,DCP ID,Last observation,,Delay,Transmit,View
,,,,,,Level    Time in GMT,,,Interval,
abas,327,Japan,Abashiri,SWJP40,ABASHIRI,1.9,14:29,12',10',  [open]  
abed,,UK,Aberdeen,ftp,,3.14,13:45,56',15',  [open]  
abur,82,Japan,Aburatsu,SWJP40,ABURATSU,2.53,14:29,12',10',  [open]  
acaj,182,El Salvador,Acajutla,SEMS40,50313520,3.4,14:31,10',5',  [open]  
acap2,267,Mexico,Acapulco2,SOMX10,0100D7CA,5346,14:30,11',5',  [open]  
acnj,220,USA,Atlantic City,web,3367B730,0.1,19/08/2016 19:32,18d,5',  [open]  
acnj2,220,USA,Atlantic City,SXXX03,3367B730,-8.73,19/08/2016 19:31,18d,5',  [open]  
acya,267,Mexico,Acapulco Club de Yates,ftp,,1.36,11/04/2016 18:20,148d,10',  [open]  
adak,302,USA,Adak,web,3360F60E,0.3,14:34,7',6',  [open]  
adak2,302,USA,Adak,SXXX03,3360F60E,-2.97,14:29,12',6',  [open]  
aden,3,Yemen,Aden,SXXX33,3686B76A,-999,12:27,2h,15',  [open]  
agal,,Mauritius,Agalega,SXXX32,3246B586,7.41,14:31,10',15',  [open]  
agua,,Puerto Rico,Aguadilla (Crash Boat),SXXX03,335E4798,,02/02/2016 21:25,217d,6',  [open]  
ajac,,France,Ajaccio,ftp,,0.48,14:33,7',5',  [open]  
ajac2,,France,Ajaccio2,SZFR01,FR300,0.48,14:28,13',6',  [open]  
alak,,USA,Alitak,web,3363341E,2.95,14:33,8',5',  [open]  
alak2,,USA,Alitak,SXXX03,3363341E,-5.77,14:26,15',5',  [open]  
alam,,USA,Alameda,web,3362E08C,0.87,14:31,10',5',  [open]  
alam2,,USA,Alameda,SXXX03,3362E08C,-5.08,14:24,17',5',  [open]  
albu,,Portugal,Albufeira,bgan,ALBU,0.36,14:20,21',1',  [open]  
alcu,,Spain,Alcudia,ftp,,0.53,14:32,9',4',  [open]  
alex,349,Egypt,Alexandria,SXXX32,2636F22C,,11/08/2016 11:54,26d,15',  [open]  
alge,,Spain,Algeciras,ftp,,0.93,14:32,9',4',  [open]  
alme,,Spain,Almeria,ftp,,0.42,14:32,9',4',  [open]  
amal,,USA,Charlotte-Amalie,web,3364A348,0.2,14:27,14',6',  [open]  
amal2,,USA,Charlotte-Amalie,SXXX03,3364A348,-2.94,14:26,15',6',  [open]  
ambon,68,Indonesia,Ambon,SZID40,06503AC6,4.1,14:31,10',15',  [open]  
AN15,,Italy,Ancona,ftp,,0.09,14:35,6',5',  [open]  
anch,,USA,Anchorage,web,3363B20A,2.71,14:33,8',5',  [open]  
anch2,,USA,Anchorage,SXXX03,3363B20A,-6.23,14:26,15',5',  [open]  
ancu,,Chile,Ancud,SXCH40,ADC12228,4.42,14:24,17',10',  [open]  
ancu2,,Chile,Ancud,web,,4.46,14:37,3',10',  [open]  
ande,322,Norway,Andenes,web,,1.26,13:30,1h,1h,  [open]  
anto,174,Chile,Antofagasta,SXCH40,ADC0F6BA,5.6,14:28,13',5',  [open]  
anto2,174,Chile,Antofagasta,web,,5.68,14:36,4',5',  [open]  
apfl,,USA,Apalachicola,web,3346C2B4,0.57,14:30,11',5',  [open]  
apfl2,,USA,Apalachicola,SXXX03,3346C2B4,-6.1,14:23,18',5',  [open]  
apla,,USA,"Lawma, Amerada Pass, LA",web,334773C0,0.56,14:32,9',5',  [open]  
apla2,,USA,"Lawma, Amerada Pass, LA",SXXX03,334773C0,-8.78,14:25,16',5',  [open]  
arac,,Puerto Rico,Arecibo,web,,0.45,14:30,11',6',  [open]  
aracS,,Puerto Rico,Arecibo (GTS),SXXX03,3366454E,-2.91,14:24,17',6',  [open]  
arca,,France,Arcachon Eyrac,ftp,,1.49,14:33,7',5',  [open]  
aren,,USA,Arena Cove,web,3368115A,0.71,14:27,14',5',  [open]  
aren2,,USA,Arena Cove,SXXX03,3368115A,-8.67,14:26,15',5',  [open]  
aric,,Chile,Arica,SXCH40,ADC0D056,4.6,14:27,14',5',  [open]  
aric2,,Chile,Arica,web,,4.67,14:36,4',5',  [open]  
arre,,Spain,Arrecife,ftp,,2.42,14:32,9',4',  [open]  
ascen,263,UK,Ascension,SXXX32,265C94AA,,13:54,47',15',  [open]  
ashd,,Israel,Ashdod Port,ftp,,-999,23/07/2016 03:43,45d,1',  [open]  
ashk,,Oman,Ashkhara,SXOM33,18E447FC,0.13,14:19,22',6',  [open]  
askl,,Israel,Ashkelon,ftp,,3.36,14:36,5',1',  [open]  
asto,,USA,Astoria,web,3362856A,1.5,14:31,10',5',  [open]  
asto2,,USA,Astoria,SXXX03,3362856A,-4.6,14:24,17',5',  [open]  
atic,,Perú,Atico,SEPR40,9323727A,-0.34,14/02/2016 08:39,205d,1h,  [open]  
atka,,USA,"Atka, AK",web,,0.21,14:33,8',5',  [open]  
auct,127,New Zealand,Auckland,SZNZ01,AUCT,4.65,14:34,7',3',  [open]  
avon,,UK,Avonmouth Portbury,ftp,,5.29,13:45,56',15',  [open]  
AZ42,,Italy,Anzio,ftp,,0.26,23/11/2015 07:13,288d,5',  [open]  
BA05,,Italy,Bari,ftp,,0.12,23/11/2015 15:56,288d,5',  [open]  
ball,,Ireland,"Ballyglass pier, Belmullet",ftp,,-1.05,14:00,41',1h,  [open]  
balt,169,Ecuador,"Baltra,Galapagos",SEEQ40,932040EE,3.93,14:32,9',5',  [open]  
bamd,,USA,Baltimore,web,336577DA,0.69,14:30,11',5',  [open]  
bamd2,,USA,Baltimore,SXXX03,336577DA,-3.83,14:27,14',5',  [open]  
bame,,USA,Bar Harbor,web,336747B4,0.92,14:30,11',5',  [open]  
bame2,,USA,Bar Harbor,SXXX03,336747B4,-5.31,14:25,16',5',  [open]  
bamf,,Canada,Bamfield,ftp,,2.81,04/09/2016 23:32,2d,6h,  [open]  
bang,,UK,Bangor,ftp,,3.09,13:45,56',15',  [open]  
bara,,Dominican Republic,Barahona,SXDR40,4401622,6.38,14:30,11',5',  [open]  
barb,,Antigua,Barbuda,web,334550D8,-1.26,19/06/2016 21:00,79d,6',  [open]  
barb2,,Antigua,Barbuda,SXXX03,334550D8,,14:29,12',6',  [open]  
barc,,Spain,Barcelona,ftp,,0.3,14:32,9',4',  [open]  
barm,,UK,Barmouth,ftp,,2.6,13:45,56',15',  [open]  
barn,,Australia,Burnie Tasmania,SZAU01,60910,1.81,14:35,6',3',  [open]  
bass,,St. Kitts & Nevis,Basseterre (Coast Guard Base),SOAT10,FA8005BC,-999,14:28,13',5',  [open]  
batr,,Lebanon,Batroun,bgan,BATR,3.76,14:19,22',1',  [open]  
bbbc,,Canada,Bella Bella,SXAK50,CD401E4C,2.86,14:33,8',5',  [open]  
bdto,,Panamá,Bocas Del Toro,SOPM10,F230215A,-2.49,14:28,13',5',  [open]  
benc,,USA,Beaufort,web,3364C6AE,1.17,14:27,14',5',  [open]  
benc2,,USA,Beaufort,SXXX03,3364C6AE,-2.95,14:26,15',5',  [open]  
beno,49,Indonesia,Benoa,SZID43,6508948,3.88,14:34,7',6',  [open]  
bgct,,USA,Bridgeport,web,3358F4D8,0.66,14:24,17',5',  [open]  
bgct2,,USA,Bridgeport,SXXX50,3358F4D8,-4.5,14:16,25',5',  [open]  
bil3,,Spain,Bilbao3,ftp,,1.89,14:29,12',4',  [open]  
bitu,69,Indonesia,Bitung,SZID42,6504284,5.76,08:59,6h,6',  [open]  
blueb,,Mauritius,Blue Bay,SXXX32,22BF90A6,3.04,14:30,11',15',  [open]  
bmda,221,UK,Bermuda,web,33573754,0.84,14:29,12',6',  [open]  
bmsa,,Chile,Bahia Mansa,SXCH40,14063458,3.87,14:32,9',5',  [open]  
bmsa2,,Chile,Bahia Mansa,web,,3.86,14:36,4',5',  [open]  
bnjl,,Gambia,Banjul,ftp,18D497E4,1.26,30/07/2016 19:00,38d,1h,  [open]  
bodr,,Turkey,Bodrum,ftp,,1.1,14:30,11',2',  [open]  
boma,,USA,Boston,web,335E54EE,0.88,14:30,11',5',  [open]  
bon2,,Spain,Bonanza2,ftp,,1.94,14:32,9',4',  [open]  
bork,,Germany,Borkum Fischerbalje,web,,5.86,14:35,6',5',  [open]  
bouc,,France,Boucau-Bayonne,ftp,,2.03,14:34,6',5',  [open]  
bouc2,,France,Boucau-Bayonne 2,SZFR01,FR094,2,14:31,10',6',  [open]  
boul,,France,Boulogne-Sur-Mer,ftp,,8.19,14:32,8',5',  [open]  
boul2,,France,Boulogne-Sur-Mer 2,SZFR01,FR111,8.22,14:31,10',6',  [open]  
bour,,UK,Bournemouth,ftp,,1.65,13:45,56',15',  [open]  
bozy,,Turkey,Bozyazi,ftp,,1.07,14:25,16',2',  [open]  
bres,242,France,Brest,ftp,,2.73,14:32,8',5',  [open]  
brom,40,Australia,Broome,SZAU01,62650,-999,14:35,6',3',  [open]  
brpt,,Hawaii,Barbers Point,SEPO40,35403732,3.59,14:32,9',5',  [open]  
btny,,USA,Battery The,web,336670D4,1.53,14:30,11',5',  [open]  
btny2,,USA,Battery The,SXXX03,336670D4,-2.72,14:23,18',5',  [open]  
buca,,Chile,Bucalemu,SXCH40,ADC203CA,1.82,14:28,13',5',  [open]  
buca2,,Chile,Bucalemu,web,,1.84,14:32,8',5',  [open]  
bull,,Curaçao,Bullen Bay,SEPO40,3541C54C,2.56,14:31,10',5',  [open]  
busa,84,Korea,Busan,ftp,,0.45,11/04/2016 18:31,148d,1',  [open]  
buve,170,Colombia,Buenaventura,ftp,,3.96,14:08,33',5',  [open]  
buve2,170,Colombia,Buenaventura,SXCO41,15AA92C8,0.41,14:01,40',5',  [open]  
CA02,,Italy,Cagliari,ftp,,-0.18,16/11/2015 09:19,295d,5',  [open]  
cabc,,Belize,Carrie Bow Cay,SOBH10,777022C4,1.22,14:29,12',5',  [open]  
cadi,,Spain,Cadiz,bgan,CADI,1.97,14:20,21',1',  [open]  
cala,,France,Calais,ftp,,6.85,14:30,10',5',  [open]  
cala2,,France,Calais 2,SZFR01,FR055,2.22,22/06/2016 21:30,76d,6',  [open]  
cald,,Chile,Caldera,SXCH40,ADC104C4,4.72,14:28,13',5',  [open]  
cald2,,Chile,Caldera,web,,4.76,14:36,4',5',  [open]  
call,173,Perú,"Callao,La-Punta",SEPO40,354165B4,6.14,14:30,11',5',  [open]  
calq,,Saint Vincent & Grenadines,Calliaqua Coast Guard Base,SOVG10,53500294,1.69,14:28,13',5',  [open]  
camu,,Puerto Rico,Caja de Muertos,SXXX03,3366A6BC,-3.04,14:25,16',6',  [open]  
caph,,Haïti,Cap-Haïtien,SEHA10,3540C7B6,1.49,14:28,13',5',  [open]  
carb,,Spain,Carboneras,ftp,,0.14,14:29,12',4',  [open]  
carg,,Spain,Cartagena,bgan,CARG,0.5,14:18,23',1',  [open]  
cart,207,Colombia,Cartagena,SXCO41,CB046524,0.05,15/04/2016 16:45,144d,1h,  [open]  
casc,246,Portugal,Cascais,socket,,-0.28,16/09/2015 07:57,356d,0.0833',  [open]  
cast,330,Ireland,Castletownbere,ftp,,-1.14,14:00,41',1h,  [open]  
cbmd,,USA,Cambridge,web,3366E5B6,0.76,14:30,11',5',  [open]  
cbmd2,,USA,Cambridge,SXXX03,3366E5B6,-3.27,14:24,17',5',  [open]  
cctx,,USA,"Corpus Christi, TX",web,336943DC,0.54,14:28,13',5',  [open]  
cctx2,,USA,"Corpus Christi, TX",SXXX03,336943DC,-8.45,14:27,14',5',  [open]  
cdtt,,Trinidad & Tobago,Cedros Bay,SOTD10,A9C013C0,-999,13:32,1h,1h,  [open]  
ceib,,Honduras,La Ceiba Cabotaje Harbor,SOHO10,50C46088,0.22,13:10,2h,1h,  [open]  
cent,,France,Centuri,ftp,,0.48,14:33,7',5',  [open]  
cent2,,France,Centuri2,SZFR01,FR807,0.5,14:31,10',6',  [open]  
ceut,249,Spain,Ceuta,web,,1.02,07:00,8h,1d,  [open]  
CF06,,Italy,Carloforte,ftp,,0.15,14:35,6',5',  [open]  
chab,337,Iran,Chabahar,SXXX32,366C76AC,,09:39,5h,15',  [open]  
char,,USA,"Charleston, OR",web,336874BC,0.94,14:28,13',5',  [open]  
char2,,USA,"Charleston, OR",SXXX03,336874BC,-4.79,14:27,14',5',  [open]  
chenn,34,India,Chennai,ftp,43280,1.22,06:44,8h,10',  [open]  
cher,,France,Cherbourg,ftp,,3.23,14:32,8',5',  [open]  
cher2,,France,Cherbourg 2,SZFR01,FR013,3.31,14:27,14',6',  [open]  
chia,,Mexico,Puerto Chiapas/Madero,SOMX10,0100A15A,-999,14:30,11',5',  [open]  
chij,103,Japan,Chichijima,SWJP40,CHICHIJIMA,2.22,14:29,12',10',  [open]  
chit,128,New Zealand,Chatham Island,SZNZ01,CHIT,2.21,14:34,7',3',  [open]  
chnr,,Chile,Chañaral,SXCH40,ADC296A8,4.17,14:29,12',5',  [open]  
chnr2,,Chile,Chañaral,web,,4.17,14:32,8',5',  [open]  
chrl,,Trinidad & Tobago,Charlotteville,SOTD10,A9C043BC,0.04,16/08/2016 13:33,21d,1h,  [open]  
chrp,,USA,Cherry Point,web,336BB6AC,1.76,14:34,7',5',  [open]  
chrp2,,USA,Cherry Point,SXXX03,336BB6AC,-7.44,14:27,14',5',  [open]  
chrs,47,Australia,Christmas Island,SZIO01,46290,1.48,14:35,6',3',  [open]  
chtt,36,Bangladesh,Chittagong,SZBW40,065079CC,4.05,14:31,10',6',  [open]  
CI20,,Italy,Civitavecchia,ftp,,-999,14:35,6',5',  [open]  
cila,291,Indonesia,Cilacap2,bgan,ID-CILA-00,0.01,14:35,6',5',  [open]  
cili,291,Indonesia,Cilacap,SZID49,0650FFD8,3.98,14:32,9',6',  [open]  
clst,,Mexico,"Celestun, Yuc.",ftp,,2.11,13:19,1h,10',  [open]  
cmet,,Chile,Caleta Meteoro,SXCH40,140204F8,1.65,14:29,12',15',  [open]  
cmet3,,Chile,Caleta Meteoro,web,,1.46,14:35,5',15',  [open]  
cmnj,,USA,Cape May,web,335D53E0,1.8,14:30,11',5',  [open]  
cmnj2,,USA,Cape May,SXXX03,335D53E0,-3.49,14:23,18',5',  [open]  
cocb,46,Australia,Cocos Island,SZIO01,46280,1.14,14:35,6',3',  [open]  
coch,32,India,Cochin,ftp,43357,0.55,06:46,8h,10',  [open]  
cois,,Nicaragua,Corn Island,SXXX50,22178120,1.29,14:09,32',1h,  [open]  
colb,33,Sri Lanka,Colombo,SXXX33,22373340,5.14,09/11/2015 10:09,302d,15',  [open]  
colo,33,Sri Lanka,Colombo,SWIO40,xxxxxxxx,1.51,14:31,10',15',  [open]  
como,,Comores,Comores,SXXX32,166AC436,0.01,14:23,18',15',  [open]  
conc,,France,Concarneau,ftp,,2.31,14:33,8',5',  [open]  
conc2,,France,Concarneau 2,SZFR01,FR160,2.19,14:28,13',6',  [open]  
cons2,,Chile,Constitucion,web,,5.38,14:35,5',5',  [open]  
const,,Chile,Constitucion,SXCH40,ADC154B8,5.4,14:30,11',5',  [open]  
coqu,,Chile,Coquimbo,SXCH40,ADC117B2,4.25,14:28,13',5',  [open]  
coqu2,,Chile,Coquimbo,web,,4.31,14:32,8',5',  [open]  
cor2,243,Spain,Acoruna,ftp,,2.47,14:32,9',4',  [open]  
cord,,USA,Cordova,web,335FA690,2.9,14:33,8',5',  [open]  
cord2,,USA,Cordova,SXXX03,335FA690,-5.03,14:26,15',5',  [open]  
cori,,Nicaragua,Puerto Corinto,SXXX50,050284CA,0.3,13:47,54',1h,  [open]  
corn,,Greece,Corinth,bgan,CORN,0.71,14:19,22',1',  [open]  
corr,,Chile,Corral,SXCH40,14066424,4.92,14:29,12',5',  [open]  
corr2,,Chile,Corral,web,,4.95,14:35,5',5',  [open]  
coru,243,Spain,La Coruña,web,,3.28,08:00,7h,1d,  [open]  
cove,,Colombia,Coveñas,ftp,,0.19,14:12,29',15',  [open]  
cpit,,New Zealand,Castlepoint,SZNZ01,CPIT,3.4,14:35,6',3',  [open]  
cpla,,USA,"Calcasieu Pass, LA",web,3368C732,0.78,14:27,14',5',  [open]  
CR08,,Italy,Crotone,ftp,,0.07,14:34,7',5',  [open]  
crbc,,Canada,Campbell River,SXAK50,CD402BD6,2.91,14:33,8',5',  [open]  
cres,,USA,Crescent City,web,33622592,0.71,14:30,11',5',  [open]  
cres2,,USA,Crescent City,SXXX03,33622592,-4.97,14:23,18',5',  [open]  
crnl,,Chile,Coronel,SXCH40,ADC1C1DA,4.59,14:26,15',5',  [open]  
crnl2,,Chile,Coronel,web,,4.59,14:32,8',5',  [open]  
crom,,UK,Cromer,ftp,,2.03,13:45,56',15',  [open]  
csta,,Romania,Constanta,ftp,,-0.91,14:37,4',1',  [open]  
csta2,,Romania,Constanta,bgan,CSTA2,-7.74,14:19,22',1',  [open]  
cstr,,Chile,Castro,SXCH40,ADC1315E,3.94,14:14,27',10',  [open]  
cstr2,,Chile,Castro,web,,3.74,14:28,12',10',  [open]  
CT03,,Italy,Catania,ftp,,0.22,14:34,7',5',  [open]  
cule2,,USA,Culebra Is,SXXX03,335CB2E8,-3.08,14:24,17',6',  [open]  
curri,,Philippines,Currimao,SXXX33,12D7050E,4.65,14:33,8',15',  [open]  
cuvie,,Australia,Cape Cuvier Wharf,SZAU01,62385,0.94,14:35,6',3',  [open]  
cuxh,284,Germany,Cuxhaven,web,,6.61,14:36,5',5',  [open]  
cwfl,,USA,Clearwater Beach,web,3358C142,0.45,14:23,18',5',  [open]  
cwfl2,,USA,Clearwater Beach,SXXX50,3358C142,-5.55,14:22,19',5',  [open]  
cwme,,USA,"Cutler Farris Wharf, ME",web,33672252,1.09,14:30,11',5',  [open]  
cwme2,,USA,"Cutler Farris Wharf, ME",SXXX03,33672252,-6.51,14:25,16',5',  [open]  
dakar,253,Sénégal,Dakar,SXXX33,360916B8,6.67,14:31,10',15',  [open]  
darw,62,Australia,Darwin,SZAU01,63230,3.87,14:35,6',3',  [open]  
davo,71,Philippines,Davao,SWPH41,06505F20,7.57,27/08/2016 07:44,10d,6',  [open]  
deke,115,Micronesia,"Dekehtik,Pohnpei",SZPA01,67950,0.8,14:35,6',3',  [open]  
dese,190,Argentina,Puerto Deseado,SEPO40,33912088,3.22,14:19,22',15',  [open]  
desh,,France,"Deshaies, Guadeloupe",SXMF40,12A0419C,0.01,14:30,11',5',  [open]  
desi,,France,"La Desirade Island, Guadeloupe",SXMF40,12A00296,0.63,14:27,14',5',  [open]  
dial,,USA,Dauphin Island,web,335752B2,0.48,14:28,13',5',  [open]  
diba,,Oman,Diba,SXOM33,18EE7334,0.14,14:33,8',6',  [open]  
diel,,France,Dielette,ftp,,2.99,14:32,8',5',  [open]  
diel2,,France,Dielette 2,SZFR01,FR628,3.09,14:27,14',6',  [open]  
diep,,France,Dieppe,ftp,,7.95,14:32,8',5',  [open]  
diep2,,France,Dieppe 2,SZFR01,FR024,8.07,14:28,13',6',  [open]  
djib,2,Djibouti,Djibouti,SXXX32,3601E29A,,25/08/2016 05:11,12d,15',  [open]  
dlpr,,UK,Deal Pier,web,,2.34,14:39,1',0.1666',  [open]  
dove,,UK,Dover,ftp,,1.56,31/08/2016 06:30,6d,15',  [open]  
dpnc,219,USA,Duck Pier,web,335DD5F4,1.42,14:32,9',5',  [open]  
dunk,,France,Dunkerque,ftp,,5.8,14:32,8',5',  [open]  
dunk2,,France,Dunkerque 2,SZFR01,FR002,5.79,14:27,14',6',  [open]  
duqm,,Oman,Duqm,SXOM33,18EB74F4,0.14,14:28,13',6',  [open]  
dutc,102,USA,Dutch Hbr Unalaska,web,3360A672,0.27,14:29,12',6',  [open]  
dutc2,102,USA,Dutch Hbr Unalaska,SXXX03,3360A672,-5,14:28,13',6',  [open]  
dzao,96,France,Dzaoudzi (Mayotte),ftp,,3.05,24/08/2016 06:27,13d,5',  [open]  
dzao2,96,France,Dzaoudzi (Mayotte) 2,SZIO01,FR030,2.94,14:27,14',15',  [open]  
east,137,Chile,Easter,SXCH40,93202BDA,3.18,14:32,9',5',  [open]  
east2,137,Chile,Easter,web,,3.29,14:35,5',5',  [open]  
elak,,USA,Elfin Cove,web,3360C394,2.06,14:29,12',5',  [open]  
elak2,,USA,Elfin Cove,SXXX03,3360C394,-4.17,14:28,13',5',  [open]  
elpo,,Panamá,El Porvenir,SEPO40,354084BC,6.63,14:28,13',5',  [open]  
ense,,Mexico,Ensenada,SOMX10,C1C0011A,-999,21/08/2015 21:57,382d,1h,  [open]  
epme,,USA,East Port,web,3365875E,1.26,14:29,12',5',  [open]  
epme2,,USA,East Port,SXXX03,3365875E,-8.46,14:28,13',5',  [open]  
erdem,,Turkey,Erdemli,ftp,,1.23,14:25,16',2',  [open]  
espe,54,Australia,Esperance,SZAU01,62080,1.06,14:35,6',3',  [open]  
estr,,Colombia,Puerto Estrella,ftp,,0.57,14:12,29',15',  [open]  
faja,,Puerto Rico,Fajardo,SXXX03,3366C35A,-2.59,14:24,17',6',  [open]  
fbfl,,USA,Fernadina Beach,web,336782AA,1.48,14:28,13',5',  [open]  
fbfl2,,USA,Fernadina Beach,SXXX03,336782AA,-3.28,14:23,18',5',  [open]  
fer1,,Spain,Ferrol1,ftp,,1.97,14:32,9',4',  [open]  
fer2,,Spain,Ferrol2,ftp,,1.88,14:32,9',4',  [open]  
ferg,60,Australia,Cape Ferguson,SZAU01,59260,2.04,14:35,6',3',  [open]  
feth,,Turkey,Fethiye,bgan,FETH,1.21,14:19,22',1',  [open]  
figu,,France,La Figueirette,ftp,,0.46,14:32,8',5',  [open]  
figu2,,France,La Figueirette2,SZFR01,FR846,0.45,14:27,14',6',  [open]  
fish,,UK,Fishguard,ftp,,2.06,13:45,56',15',  [open]  
fmfl,,USA,Fort Myers,web,336754C2,0.43,14:32,9',5',  [open]  
fmfl2,,USA,Fort Myers,SXXX03,336754C2,-3.28,14:25,16',5',  [open]  
fong,121,Tuvalu Islands,Fongafale,SZPS01,67440,1.57,14:35,6',3',  [open]  
form,,Spain,Formentera,ftp,,0.49,14:31,10',4',  [open]  
fort,336,Brasil,Fortaleza,SEPO40,3542D134,4.55,14:30,11',5',  [open]  
fosm,,France,Fos-sur-Mer,ftp,,0.42,14:31,9',5',  [open]  
fosm2,,France,Fos-sur-Mer2,SZFR01,FR0719,0.42,14:28,13',6',  [open]  
fpga,289,USA,Fort Pulaski,web,335F151E,1.97,14:28,13',5',  [open]  
fpga2,289,USA,Fort Pulaski,SXXX03,335F151E,-3.84,14:27,14',5',  [open]  
fpnt,158,USA,"Ft Point,San Fran",web,3.36E+05,0.78,14:30,11',5',  [open]  
fpnt2,158,USA,"Ft Point,San Fran",SXXX03,3.36E+05,-3.08,14:29,12',5',  [open]  
fren,107,USA,"Tern,Fr. Frigate",SXHW11,15D58280,6.69,05/09/2016 11:55,1d,5',  [open]  
frtr,,Mexico,Frontera,ftp,,2.21,14:18,23',10',  [open]  
ftfr,338,France,"Fort-de-France, Martinique",SZCA01,FR126,0.69,14:30,11',6',  [open]  
ftfr2,338,France,"Fort-de-France, Martinique2",ftp,,0.69,14:32,8',5',  [open]  
fue2,,Spain,Fuerteventura,ftp,,0.78,10:18,4h,4',  [open]  
fuka,,Japan,Fukaura,SWJP40,FUKAURA,2.45,14:29,12',10',  [open]  
futu,,France,"Leava (Futuna Island, Wallis & Futuna)",SZFW40,065219DE,0.75,14:36,5',6',  [open]  
GA37,,Italy,Gaeta,ftp,,0.03,26/08/2016 01:37,12d,5',  [open]  
gamb,138,France,"Rikitea (French Polynesia, Gambier, Mangareva)",SEHI40,FAA0542E,0.48,05/08/2016 08:23,32d,5',  [open]  
gand,,Spain,Gandia,ftp,,0,14:32,9',4',  [open]  
ganm,27,Maldive Islands,Gan,SXXX32,32D8A2BE,7.63,14:33,8',15',  [open]  
garc,26,UK,Diego Garcia,SZIO40,06504C56,7.7,14:31,10',6',  [open]  
gbit,,New Zealand,Great Barrier,SZNZ01,GBIT,5.37,14:35,6',3',  [open]  
GE25,,Italy,Genova,ftp,,0.21,22/11/2015 19:44,289d,5',  [open]  
geor,,Cayman Islands,George Town,SOGC10,1320048C,-999,14:29,12',5',  [open]  
GI20,,Italy,Ginostra (Isola di Stromboli),ftp,,0.18,23/11/2015 01:55,288d,5',  [open]  
gibr2,248,UK,Gibraltar,SXXX33,364026A2,0.77,14:24,17',15',  [open]  
gij2,,Spain,Gijon,ftp,,2.35,14:31,10',4',  [open]  
gila,,USA,"Grand Isle, LA",web,335DA364,0.42,14:32,9',5',  [open]  
gist,,New Zealand,Gisborne,SZNZ01,GIST,3.45,14:35,6',3',  [open]  
gokc,,Turkey,Gokceada,ftp,,1.2,14:25,16',2',  [open]  
goto,233,Sweden,GoteborgTorshamnen,ftp,,9.96,12:55,2h,1h,  [open]  
goug,,UK,Gough Island,SXXX32,18D74682,0.01,14:19,22',15',  [open]  
gptx,217,USA,Galveston Pier,web,336AB456,0.67,14:23,18',5',  [open]  
greg,,Chile,Bahia Gregorio,SXCH40,ADC1B74A,6.69,14:28,13',5',  [open]  
greg2,,Chile,Bahia Gregorio,web,,7.14,14:35,6',5',  [open]  
groo,,Australia,Groote Eylandt,SZAU01,63511,1.1,14:35,6',6',  [open]  
guam,149,USA,Guam (Apra Harbor),web,,0.64,14:30,11',6',  [open]  
gvd9,,Greece,Gavdos,bgan,GR-GVD9-00,2.79,03/03/2016 02:24,187d,6',  [open]  
gwda,295,Pakistan,Gwadar,SXXX33,1851B170,0.01,29/06/2016 05:57,69d,15',  [open]  
hade,80,Israel,Hadera,ftp,,0.17,14:36,5',1',  [open]  
hain,,Myanmar,Haing Gyi Kyun,SZBM45,48000,1.48,14:36,5',6',  [open]  
hako,88,Japan,Hakodate,SWJP40,HAKODATE,1.75,14:29,12',10',  [open]  
hana,,Japan,Hanasaki,SWJP40,HANASAKI,0.83,14:29,12',10',  [open]  
hani,,Maldive Islands,Hanimadhoo,SXXX32,26CB10AC,13.72,15/07/2016 05:46,53d,15',  [open]  
harv,,USA,"Oil Platform Harvest, CA",web,,0.64,14:30,11',6',  [open]  
harw,,UK,Harwich,ftp,,3.69,13:45,56',15',  [open]  
hbay,,UK,Herne Bay,web,,2.27,14:39,1',0.1666',  [open]  
helg,,Germany,Helgoland Binnenhafen,web,,6.14,14:33,8',5',  [open]  
herb,,France,L'Herbaudière,ftp,,2.69,14:32,8',5',  [open]  
herb2,,France,L'Herbaudière 2,SZFR01,FR198,2.59,14:28,13',6',  [open]  
heys,,UK,Heysham,ftp,,8.75,13:45,56',15',  [open]  
hie2,,Spain,ElHierro,ftp,,2.16,14:32,9',4',  [open]  
hien,,France,Hienghene (New Caledonia),SZNC42,xxxxxxx,0.78,14:32,9',6',  [open]  
hill,,Australia,Hillarys Harbor,SZAU01,62237,1.09,14:35,6',3',  [open]  
hilo,287,USA,"Hilo,Hawaii",web,,0.64,14:29,12',6',  [open]  
hilo2,287,USA,"Hilo, Hawaii",SXXX03,3351410A,-2.68,14:22,19',6',  [open]  
hink,,UK,Hinkley Point,ftp,,3.16,13:45,56',15',  [open]  
hirt,,Denmark,Hirtshals,ftp,,-0.1,14:30,11',10',  [open]  
hiva,,France,"Hiva Oa (Marquesas, French Polynesia)",SEHI40,9322451A,2.38,14:32,9',15',  [open]  
hmda,326,Japan,Hamada,SWJP40,HAMADA,2.61,14:29,12',10',  [open]  
holy,,UK,Holyhead (tsunami),socket,,4.46,14:40,0',1',  [open]  
holy2,,UK,Holyhead2,ftp,,5.05,13:45,56',15',  [open]  
honn,,Norway,Honningsvåg,web,,0.66,13:30,1h,1h,  [open]  
hono,108,USA,"Honolulu,Oahu",web,,0.4,14:29,12',6',  [open]  
hono2,108,USA,"Honolulu, Oahu",SXWA03,3341B610,,06/01/2016 00:09,245d,6',  [open]  
horn,,Germany,Hörnum,web,,5.98,14:36,5',5',  [open]  
huahi,,France,"Huahine island (Society Islands, French Polynesia)",SEHI40,B1F0371A,0.01,14:16,25',15',  [open]  
huas2,,Chile,Huasco,web,,5.86,14:38,2',5',  [open]  
huas3,,Chile,Huasco,web,,5.87,14:35,5',5',  [open]  
huat,,Mexico,Huatulco,SOMX10,1010358,1.76,14:11,30',15',  [open]  
huel,,Spain,Huelva5,ftp,,2.37,14:32,9',4',  [open]  
iaix,,France,Ile d'Aix,ftp,,3.2,14:32,8',5',  [open]  
ibiz,,Spain,Ibiza2,ftp,,0.48,14:32,9',4',  [open]  
iler,,France,"Ile Royale, Kourou, French Guiana",ftp,,1.74,14:32,8',5',  [open]  
iler2,,France,"Ile Royale, Kourou, French Guiana 2",SZCA01,FR749,1.76,14:29,12',6',  [open]  
ilfa,,UK,Ilfracombe,ftp,,1.74,13:45,56',15',  [open]  
IM01,,Italy,Imperia,ftp,,0.02,14:34,7',5',  [open]  
im02,,Italy,Imperia 2,bgan,IM02,0.02,14:20,21',1',  [open]  
immi,,UK,Immingham,ftp,,2.06,13:45,56',15',  [open]  
imuj,,Mexico,"Isla Mujeres, Q. R.",ftp,,2.66,05/09/2016 13:54,1d,10',  [open]  
inav,,Colombia,Isla Naval,SXCO41,15A05856,0.28,21/04/2016 14:19,138d,15',  [open]  
inav2,,Colombia,Isla Naval,ftp,,0.79,14:12,29',5',  [open]  
iqui,,Chile,Iquique,SXCH40,ADC1F440,5.59,14:28,13',5',  [open]  
iqui2,,Chile,Iquique,web,,5.64,14:32,8',5',  [open]  
isab,,Puerto Rico,Isabel Segunda,SXXX03,3366D02C,-2.55,14:25,16',6',  [open]  
ishig,,Japan,Ishigakijima,SWJP40,ISHIGAKIJIMA,2.5,14:29,12',10',  [open]  
iske,,Turkey,Iskenderun,ftp,,1.67,14:25,16',2',  [open]  
IT45,,Italy,Isole Tremiti,ftp,,-0.12,23/11/2015 07:13,288d,5',  [open]  
jaca,,Haïti,Jacmel,SEHA10,49A014F4,-999,14:28,13',5',  [open]  
jack,,New Zealand,Jackson Bay,SZPS01,65180,2.56,14:35,6',6',  [open]  
jask,,Iran,Jask,SXXX32,16F152DA,-999,14:27,14',15',  [open]  
jers,,UK,Jersey,ftp,,3.57,13:45,56',15',  [open]  
john,109,USA,Johnston,SXHW11,15D142A4,7.2,14:32,9',5',  [open]  
juan,176,Chile,Juan Fernandez,SXCH40,ADC0B5B0,5.04,14:32,9',5',  [open]  
juan2,176,Chile,Juan Fernandez,web,,5.14,14:35,5',5',  [open]  
kahu,,USA,"Kahului, Maui",web,,0.63,14:29,12',6',  [open]  
kahu2,,USA,"Kahului, Maui",SXXX03,33518414,-3.52,14:22,19',6',  [open]  
kait,,New Zealand,Kaikoura,SZNZ01,KAIT,2.83,14:34,7',3',  [open]  
kant,145,Kiribati,Kanton,SEPA40,354305A6,3.73,14:30,11',15',  [open]  
kapi,117,Micronesia,Kapingamarangi,SEPA40,3541D63A,-999,14:29,12',5',  [open]  
kaps,,Greece,Kapsali,bgan,KAPS,-2.4,27/08/2016 23:59,10d,1',  [open]  
kara,30,Pakistan,Karachi,SXXX33,120D7136,-999,14:21,20',15',  [open]  
kast,,Greece,Kasteli,SXXX33,16A5E02C,3.04,14:22,19',15',  [open]  
kata,,Greece,Katakolo,ftp,,0.72,14:15,26',3',  [open]  
kawa,,USA,"Kawaihae, Hawaii",web,,0.51,14:29,12',6',  [open]  
kawa2,,USA,"Kawaihae, Hawaii",SXXX03,3351527C,-2.52,14:22,19',6',  [open]  
keba,,Pakistan,Keti Bandar,SXXX32,26E68746,,08/08/2016 06:18,29d,15',  [open]  
kepo,187,UK,King Edward Point,ftp,,0.26,14:25,16',1h,  [open]  
kerg2,23,France,Kerguelen Island,SZIO01,FR023,0.79,14:31,10',15',  [open]  
khol,,Russia,Kholmsk,web,,3.83,22/06/2016 12:44,76d,10',  [open]  
kiel,,Germany,LT Kiel,web,,4.98,14:36,5',5',  [open]  
kinl,,UK,Kinlochbervie,ftp,,2.54,13:45,56',15',  [open]  
kis1,,Ireland,Kish Bank Lighthouse,ftp,,-999,11/09/2015 14:54,361d,1h,  [open]  
kodi,,USA,"Kodiak Island, AK",web,33626698,2.12,14:31,10',5',  [open]  
kodi2,,USA,"Kodiak Island, AK",SXXX03,33626698,-5.03,14:24,17',5',  [open]  
koli,,Indonesia,"Kolinamil, Jakarta Port",SZID52,,7.23,14:33,8',15',  [open]  
koro,,Greece,Koroni,bgan,KORO,0.81,14:21,20',1',  [open]  
kors,,Russia,Korsakov,web,,4.91,10/06/2015 01:59,455d,10',  [open]  
kril,,Russia,Cape Kril'on,web,,10.43,09/06/2015 06:59,455d,10',  [open]  
kush,89,Japan,Kushiro,SWJP40,KUSHIRO,1.8,14:29,12',10',  [open]  
kusm,85,Japan,Kushimoto,SWJP40,KUSHIMOTO,2.56,14:29,12',10',  [open]  
kwaj,111,Marshall Islands,Kwajalein,web,336131EA,0.36,14:33,8',6',  [open]  
kwaj2,111,Marshall Islands,Kwajalein,SXXX03,3362B0F0,-3.17,05/12/2015 00:07,277d,6',  [open]  
kwfl,216,USA,Key West,web,336717C8,0.37,14:31,10',5',  [open]  
kwfl2,216,USA,Key West,SXXX03,336717C8,-3.47,14:24,17',5',  [open]  
LA23,,Italy,Lampedusa,ftp,,0.18,14:34,7',5',  [open]  
lago,,Spain,LaGomera,ftp,,1.81,14:32,9',4',  [open]  
lajo,159,USA,La Jolla,web,3362A386,0.71,14:31,10',5',  [open]  
lajo2,159,USA,La Jolla,SXXX03,3362A386,-9.76,14:24,17',5',  [open]  
lalb,,El Salvador,La Libertad,SOES10,5030C75E,0.14,14:32,9',5',  [open]  
lali,172,Ecuador,La Libertad,SEPO40,3540B126,4.59,14:28,13',5',  [open]  
lame,,USA,LameshurBayStJohnVI,web,335D10EA,0.26,25/07/2016 17:55,43d,6',  [open]  
lamu,,Kenya,Lamu,SXXX33,16287190,8.09,14:31,10',15',  [open]  
lang,,Spain,Langosteira,ftp,,3.24,07:02,8h,4',  [open]  
lank,,Malaysia,Langkawi,SZMS40,06509A3E,-999,05/08/2016 03:27,32d,6',  [open]  
lapa,,Spain,LaPalma,ftp,,1.91,14:32,9',4',  [open]  
larn,,Cyprus,Larnaca,ftp,,17.36,31/12/2015 23:58,250d,0.5',  [open]  
larp,,France,La Rochelle-Pallice,ftp,,3.18,14:32,8',5',  [open]  
larp2,,France,La Rochelle-Pallice 2,SZFR01,FR034,3.13,14:30,11',6',  [open]  
laru2,339,Seychelles,Pt.LaRue,SXXX32,12FD90D0,6.42,14:30,11',6',  [open]  
lasp,251,Spain,LasPalmas2,ftp,,2.17,14:32,9',4',  [open]  
lata,,Solomon Islands,Lata Wharf,SZPS01,57131,0.08,14:35,6',3',  [open]  
laun,,El Salvador,La Union,SEMS40,3354C0DE,0.01,14:24,17',15',  [open]  
laza,,Mexico,Lazaro Cardenas,ftp,,5.95,11/04/2016 18:12,148d,10',  [open]  
lcst,,Italy,Le Castella,bgan,LCST,0.03,14:19,22',1',  [open]  
lebu,,Chile,Lebu,SXCH40,ADC16122,3.93,14:29,12',5',  [open]  
lebu2,,Chile,Lebu,web,,3.98,14:35,5',5',  [open]  
leco,,France,Le Conquet,ftp,,2.48,14:32,8',5',  [open]  
leco2,,France,Le Conquet 2,SZFR01,FR152,2.42,14:30,11',6',  [open]  
lecy,,France,Le Crouesty,ftp,,2.33,14:32,8',5',  [open]  
lega,72,Philippines,Legaspi,SWPA42,06501C2A,2.95,14:36,5',6',  [open]  
leha,,France,Le Havre,ftp,,6.81,14:32,8',5',  [open]  
leha2,,France,Le Havre 2,SZFR01,FR004,6.88,14:28,13',6',  [open]  
leit,,UK,Leith,ftp,,3.01,13:45,56',15',  [open]  
lemba,,Indonesia,Lembar,SZID44,0650A176,5.8,14:34,7',6',  [open]  
lena,,Vanuatu,"Lenakel, Tanna",SZNV41,91566,4.34,14:30,11',6',  [open]  
lero,,Martinique,Le Robert,SOMR10,12A052EA,-999,14:30,11',5',  [open]  
lerw,236,UK,Lerwick (tsunami),socket,,1.91,14:40,-0',0.1667',  [open]  
lerw2,236,UK,Lerwick2,ftp,,2.02,13:45,56',15',  [open]  
leso,,France,Les Sables d'Olonne,ftp,,2.63,14:32,9',5',  [open]  
leso2,,France,Les Sables d'Olonne 2,SZFR01,FR062,2.61,14:31,10',6',  [open]  
levu,,Fiji Islands,Lautoka,SZPS01,67070,0.83,14:35,6',3',  [open]  
lgos,,Portugal,Lagos,socket,,-0.6,16/09/2015 07:57,356d,0.0833',  [open]  
LI11,,Italy,Livorno,ftp,,-0.07,14:35,6',5',  [open]  
lifo,,France,Lifou,SZNC40,0652047A,1.02,07:36,7h,6',  [open]  
lime,,USA,Limetree,web,3364B03E,0.2,14:28,13',6',  [open]  
lime2,,USA,Limetree,SXXX03,3364B03E,-4.23,14:27,14',6',  [open]  
limon,,Costa Rica,Limon,SEPO40,354011DE,6.57,14:30,11',5',  [open]  
litz,,Vanuatu,"Litzlitz, Malekula",SZNV40,91556,4.04,14:30,11',6',  [open]  
live,,UK,Liverpool,ftp,,8.63,13:45,56',15',  [open]  
llan,,UK,Llandudno,ftp,,6.21,12:00,3h,15',  [open]  
lomb,331,Papua New Guinea,Lombrum Manus Is,SZPS01,56130,0.98,14:35,6',3',  [open]  
losa,,USA,Los Angeles,web,336AF75C,0.75,14:31,10',6',  [open]  
losa2,,USA,Los Angeles,SXXX03,336AF75C,-4.04,14:24,17',6',  [open]  
losu,,Costa Rica,Los Sueños,SOCS10,506203F6,-10,14:24,17',5',  [open]  
lott,,New Zealand,East Cape,SZNZ01,LOTT,3,14:34,7',3',  [open]  
lowe,,UK,Lowestoft,ftp,,2.14,13:45,56',15',  [open]  
lpaz,,Mexico,La Paz,ftp,,1.43,17/11/2015 13:53,294d,10',  [open]  
lpbc,,Canada,Langara Point BC (Henslung Cove),SXAK50,15C396A6,2.94,14:31,10',5',  [open]  
luba,,Philippines,Lubang,SXXX33,221F4098,5.96,14:19,22',15',  [open]  
luga,,Vanuatu,Luganville,SZPS01,57210,0.36,14:35,6',6',  [open]  
lymg,,UK,Lymington,web,,0.52,10/08/2016 05:41,27d,0.1666',  [open]  
made,,Mexico,"Puerto Madero, Chis.",ftp,,5.74,11/04/2016 18:25,148d,10',  [open]  
madry,191,Argentina,Puerto Madryn,SEPO40,335665D2,6.64,14:19,22',15',  [open]  
maer,,Turkey,Marmara Ereglisi,ftp,,1.42,14:30,10',2',  [open]  
magi,,USA,Magueyes Island,web,3.36E+45,0.24,14:28,13',6',  [open]  
magi2,,USA,Magueyes Island,SXXX03,3.36E+45,-2.43,14:27,14',6',  [open]  
maho,,Spain,Mahon,ftp,,0.08,14:32,9',4',  [open]  
mais,20,South-Africa,Marion Island,SXXX32,16AF741C,0.01,14:17,24',15',  [open]  
maji,,Oman,Majis,SXOM33,180D62C6,0.13,05/09/2016 03:48,1d,6',  [open]  
maka,,Hawaii,"Makai Pier, Waimanalo, Hawaii",SEPO40,354002A8,6.65,14:31,10',5',  [open]  
make,,Polynésie Française,"Makemo (Polynésie française, Tuamotu)",SEHI40,FAA04758,0.6,13:45,56',1h,  [open]  
mal3,,Spain,Malaga,ftp,,0.69,14:32,9',4',  [open]  
mala,120,Palau Islands,Malakal,SWPA40,xxxxxxxx,2.65,14:32,9',6',  [open]  
male,28,Maldive Islands,Male,SXXX32,16289262,2.27,14:15,26',15',  [open]  
mali,239,Ireland,Malin Head Peninsular,ftp,,-0.99,14:00,41',1h,  [open]  
malo,,Norway,Måløy,web,,1.82,13:30,1h,1h,  [open]  
malp,,Colombia,Malpelo,ftp,,2.11,02/03/2016 10:00,188d,15',  [open]  
malp2,,Colombia,Malpelo,SXCO41,15AAB424,0.26,05/03/2016 20:02,185d,5',  [open]  
mang,,Romania,Mangalia,bgan,MANG,-7.71,14:19,22',1',  [open]  
mani,73,Philippines,Manila,SWPH40,xxxxxxxx,2.21,14:35,6',6',  [open]  
mare,,France,"Maré (New Caledonia, Loyalty Islands)",SZNC41,06520AA8,0.81,14:32,9',6',  [open]  
mari,,Spain,Marin,ftp,,2.1,14:32,9',4',  [open]  
marm,281,India,Marmagao,ftp,43195,1.76,06:48,8h,10',  [open]  
mars,205,France,Marseille,ftp,,0.42,14:32,8',5',  [open]  
marsh,112,Marshall Islands,Majuro,SZPA01,67680,0.87,14:35,6',3',  [open]  
masi,,Oman,Masirah,SXXX33,16288114,1.82,14:31,10',6',  [open]  
mata,,Perú,Matarani,SEPO40,354176C2,5.29,14:30,11',5',  [open]  
maya,,Puerto Rico,Mayaguez,SXXX03,336633DE,-2.72,14:25,16',6',  [open]  
maza,,Mexico,Mazatlan,ftp,,2.87,14:23,18',10',  [open]  
MC41,,Italy,Marina Di Campo,ftp,,-0.03,14:33,8',5',  [open]  
ME13,,Italy,Messina,ftp,,0.08,14:34,7',5',  [open]  
meji,,Chile,Mejillones,SXCH40,1032040,4.09,14:30,11',5',  [open]  
meji2,,Chile,Mejillones,web,,4.16,14:33,7',5',  [open]  
meli,,Spain,Melilla,ftp,,0.37,14:31,10',4',  [open]  
mera,86,Japan,Mera,SWJP40,MERA,2.02,14:29,12',10',  [open]  
meul,,Indonesia,Meulaboh,SXXX33,1205E0F2,-9.99,14:17,24',15',  [open]  
mhav,,UK,Milford Haven,ftp,,1.94,13:45,56',15',  [open]  
midx,106,USA,Midway,web,3363A17C,0.22,14:32,9',6',  [open]  
midx2,106,USA,Midway,SXXX03,3363A17C,-3.26,14:25,16',6',  [open]  
mill,,UK,Millport,ftp,,2.83,13:45,56',15',  [open]  
mimz,,France,Mimizan,ftp,,2.1,14:33,7',5',  [open]  
mimz2,,France,Mimizan 2,SZFR01,FR6144,2.06,-maintenance-,11',6',  [open]  
mind,,Cabo Verde,Mindelo,ftp,1841B6EE,-999,10/06/2016 19:55,88d,15',  [open]  
mini,29,India,Minicoy,ftp,43370,1.21,24/08/2016 06:19,13d,10',  [open]  
mins,104,Japan,Minami-Tori-Shima,SWJP40,MINAMITORISHIMA,2.27,14:29,12',10',  [open]  
mnkt,,New Zealand,Manakau,SZNZ01,MNKT,3.45,14:34,7',3',  [open]  
momb,8,Kenya,Mombasa,SXXX33,22ADF72A,5.77,14:30,11',15',  [open]  
mona,,USA,Mona Island,web,3365E2B8,0.23,14:31,10',6',  [open]  
mona2,,USA,Mona Island,SXXX03,3365E2B8,-1.94,14:31,10',6',  [open]  
monc,,Monaco,"Monaco, Fontvieille harbour",ftp,,0.57,27/10/2015 03:52,315d,5',  [open]  
monc2,,Monaco,"Monaco2, Fontvieille harbour",SZFR01,FR022,0.46,14:22,19',6',  [open]  
mont,,USA,Monterey,web,33630184,0.67,14:31,10',6',  [open]  
mont2,,USA,Monterey,SXXX03,33630184,-4.44,14:24,17',6',  [open]  
mony,,USA,"Montauk, NY",web,33401412,0.74,14:27,14',5',  [open]  
mony2,,USA,"Montauk, NY",SXXX03,33401412,-3.57,14:26,15',5',  [open]  
motr,,Spain,Motril2,ftp,,0.68,14:32,9',4',  [open]  
moul,141,Myanmar,Moulmein,SZBM40,0650AFA4,4.62,14:30,11',6',  [open]  
ms001,,Malaysia,"Porto Malai, Langkawi",SZMS01,MS001,1.86,04/01/2016 16:00,246d,1h,  [open]  
ms002,,Malaysia,"Kerachut, Penang",SZMS01,MS002,4.15,23/10/2015 03:51,319d,1h,  [open]  
ms004,,Malaysia,Pulau Perhentian,SZMS01,MS004,2.42,30/11/2015 01:49,281d,1h,  [open]  
ms005,,Malaysia,"Kudat, Sabah",SZMS01,MS005,1.69,04/01/2016 16:00,246d,1h,  [open]  
ms006,,Malaysia,"Lahad Datu, Sabah",SZMS01,MS006,2.63,04/01/2016 16:00,246d,1h,  [open]  
mtwa,9,Tanzania,Mtwara,SXXX33,26313506,7.57,19/12/2015 07:40,262d,15',  [open]  
mumb,,UK,Mumbles,ftp,,2.16,13:45,56',15',  [open]  
mus2,,Oman,Muscat (BGAN),bgan,OM-MUSC-00,0.01,14:40,1',5',  [open]  
musc,,Oman,Muscat,SXXX32,262D700E,4.6,14:30,11',15',  [open]  
NA23,,Italy,Napoli,ftp,,0.1,23/11/2015 06:09,288d,5',  [open]  
naga,83,Japan,Nagasaki,SWJP40,NAGASAKI,3.4,14:29,12',10',  [open]  
naha,81,Japan,Naha,SWJP40,NAHA,3.03,14:29,12',10',  [open]  
naho,,Russia,Nahodka,web,,1.15,14:30,11',10',  [open]  
nain,224,Canada,Nain,ftp,,1.98,02/09/2016 21:44,4d,6h,  [open]  
nanc,,India,Nancowry,ftp,43383,1.41,06:46,8h,10',  [open]  
nans,,China,Nansha,SZCI01,11756,-999,14:29,12',5',  [open]  
napt,,New Zealand,Port Napier,SZNZ01,NAPT,2.3,14:34,7',3',  [open]  
nauu,,Nauru,Nauru,SZPS01,67640,1.01,14:35,6',6',  [open]  
nawi,,USA,"Nawiliwili, Kauai",web,,0.52,14:23,18',1',  [open]  
nawi2,,USA,"Nawiliwili, Kauai",SXXX03,3350E308,11.34,01/01/2016 01:36,250d,1',  [open]  
ncpt,,New Zealand,North Cape,SZNZ01,NCPT,3.91,14:34,7',3',  [open]  
neve,,Russia,Nevel'sk,web,,2.34,-maintenance-,12',10',  [open]  
newl2,241,UK,Newlyn2,ftp,,1.35,13:45,56',15',  [open]  
nhav,,UK,Newhaven,ftp,,6.31,13:45,56',15',  [open]  
nice,,France,Nice,ftp,,0.47,14:31,9',5',  [open]  
nice2,,France,Nice2,SZFR01,FR339,0.47,14:27,14',6',  [open]  
nkfa,125,Tonga Island,Nukualofa,SZPS01,66600,0.81,14:35,6',3',  [open]  
nksk,,Russia,Nikol'skoe,web,,0.95,14:29,12',10',  [open]  
noct,,Mauritania,Nouakchott,SXXX33,366E2324,-999,09/02/2015 22:15,575d,15',  [open]  
nome,74,USA,Nome,web,3360809E,-0.01,14:29,12',6',  [open]  
nome2,74,USA,Nome,SXXX03,3360809E,-5.11,14:28,13',6',  [open]  
noto,,Japan,Noto,SWJP40,NOTO,2.44,14:29,12',10',  [open]  
noua,,Mauritania,Nouadhibou,ftp,18ABD7D0,0.62,14/07/2016 03:50,54d,1h,  [open]  
npor,,UK,Newport,ftp,,4.01,13:45,56',15',  [open]  
nshi,,UK,North Shields,ftp,,1.69,13:45,56',15',  [open]  
nspi,,USA,"North Spit, Humboldt",web,336837B6,0.92,14:27,14',6',  [open]  
nspi2,,USA,"North Spit, Humboldt",SXXX03,336837B6,-4.55,14:26,15',6',  [open]  
nuku,142,France,"Nuku Hiva (Marquesas, French Polynesia)",SEPO40,3540D4C0,7.31,14:31,10',5',  [open]  
numbo,123,France,Nouméa - Numbo (New Caledonia),ftp,,1.04,14:32,8',5',  [open]  
nuuk,225,Denmark,Nuuk harbor,email,,-0.28,14:34,6',5',  [open]  
nyal,345,Norway,Ny Ålesund,web,,0.66,13:30,1h,1h,  [open]  
ofun,87,Japan,Ofunato,SWJP40,OFUNATO,1.58,14:29,12',10',  [open]  
omae,,Japan,Omaezaki,SWJP40,OMAEZAKI,2.28,14:29,12',10',  [open]  
OR24,,Italy,Ortona,ftp,,0.17,14:33,8',5',  [open]  
orma,,Pakistan,Ormara,SXXX32,262AD2C2,4.4,14:19,22',15',  [open]  
oste,,Belgium,Ostend,ftp,,4.29,14:15,26',15',  [open]  
OT15,,Italy,Otranto,ftp,,-0.09,14:34,7',5',  [open]  
otat,,New Zealand,Dunedin,SZNZ01,OTAT,4.17,14:34,7',3',  [open]  
ouin,,France,"Ouinne, New Caledonia",SZNC43,06522C44,0.82,14:34,7',6',  [open]  
PA07,,Italy,Palermo,ftp,,0.1,24/11/2015 10:19,287d,5',  [open]  
pada,45,Indonesia,Padang,SZID50,6510374,6.67,14:35,6',15',  [open]  
padn,45,Indonesia,Padang2,bgan,ID-PADN-00,0.01,10/04/2016 07:30,149d,5',  [open]  
pagb,,USA,"Pago Bay, Guam",web,,0.41,14:30,11',6',  [open]  
pago,144,Samoa,Pago Pago,web,336015FC,0.14,14:33,8',6',  [open]  
pagx,144,Samoa,Pago Pago,SXXX03,336312F2,-2.31,14:27,14',6',  [open]  
palb,,Canada,Port Alberni,SXAK50,15C3B04A,1.71,14:31,10',5',  [open]  
pale,,Greece,Paleochora,bgan,PALE,0.79,02/08/2016 05:19,35d,1',  [open]  
palm,,Spain,PalmadeMallorca,ftp,,-0.01,14:31,10',4',  [open]  
palm1,329,Cabo Verde,Palmeira,SXXX33,26D6F7A6,6.52,14:30,11',15',  [open]  
pana,,Indonesia,Pangandaran,SXXX33,22F96330,-9.08,14:27,14',15',  [open]  
pant,,Italy,Pantelleria,bgan,PANT,0.18,14:18,23',1',  [open]  
papa,,Costa Rica,Papagayo Marina,SOCS10,5062538A,-10,14:24,17',5',  [open]  
pape,140,France,"Papeete (Tahiti, French Polynesia)",SEPO40,3341D3F6,6.26,14:31,10',5',  [open]  
papho,,Cyprus,Paphos,ftp,,-999,14:35,6',1',  [open]  
papo,,Chile,Paposo,SXCH40,ADC285DE,4.07,14:32,9',5',  [open]  
papo2,,Chile,Paposo,web,,4.12,14:31,9',5',  [open]  
para,,Cyprus,Paralimni,ftp,,2.15,21/07/2016 12:25,47d,0.5',  [open]  
pata,,Chile,Patache,SXCH40,ADC22526,3.97,14:31,10',5',  [open]  
pata2,,Chile,Patache,web,,4.01,14:34,6',5',  [open]  
pcha,,Chile,Puerto Chacabuco,SXCH40,1403B58C,5.4,14:24,17',10',  [open]  
pcha2,,Chile,Puerto Chacabuco,web,,5.28,14:32,8',10',  [open]  
pcor,,Honduras,Puerto Cortes,SOHO10,50C44664,1.31,14:00,41',1h,  [open]  
pdas,245,Portugal,Ponta Delgada Azor,SEPO40,354271CC,5.26,14:30,11',5',  [open]  
PE09,,Italy,Porto empedocle,ftp,,0.05,14:34,7',5',  [open]  
pedn,,Chile,Puerto Eden,SXCH40,1400B282,4.6,14:24,17',15',  [open]  
pedn2,,Chile,Puerto Eden,web,,4.45,14:26,14',15',  [open]  
peir,,Greece,Peiraias,ftp,,0.76,14:30,11',3',  [open]  
penr,143,Cook Islands,Penrhyn,SEPO40,3541A0AA,5.33,14:31,10',5',  [open]  
petr,93,Russia,Petropavlovsk,web,,2.68,14:29,12',10',  [open]  
phbc,,Canada,Port Hardy,SXAK50,CD4038A0,2.62,14:33,8',5',  [open]  
pich2,,Chile,Pichidangui,web,,4.59,14:38,2',5',  [open]  
pich3,,Chile,Pichidangui,web,,4.58,14:35,5',5',  [open]  
pisa,,Chile,Pisagua,SXCH40,ADC17254,4.67,14:31,10',5',  [open]  
pisa2,,Chile,Pisagua,web,,4.7,14:35,5',5',  [open]  
pkem,,Australia,Port Kembla,SZAU01,60420,1.22,14:35,6',3',  [open]  
PL14,,Italy,Palinuro,ftp,,-0.02,14:34,7',5',  [open]  
plat2,192,Argentina,Mar del Plata,SEPO40,3542B4D2,9.03,14:19,22',15',  [open]  
plmy,,USA,Palmyra Island,SEPO40,3541E3A0,6.68,14:28,13',5',  [open]  
pluz,251,Spain,Puerto de la Luz,web,,2.27,05/09/2016 03:59,1d,1d,  [open]  
plym,,UK,Plymouth,ftp,,1.49,13:45,56',15',  [open]  
pmel,,Chile,Puerto Melinka,SXCH40,14000FDE,4.56,14:29,12',5',  [open]  
pmel2,,Chile,Puerto Melinka,web,,4.42,14:13,27',5',  [open]  
pmon,178,Chile,Puerto Montt,SXCH40,140642C8,4.71,14:19,22',15',  [open]  
pmon2,178,Chile,Puerto Montt,web,,4.56,14:26,15',15',  [open]  
pmur,,Australia,PtMurat,SZAU01,62430,1.39,14:35,6',10',  [open]  
pnfl,288,USA,Pensacola,web,33616196,0.48,14:29,12',5',  [open]  
pnfl2,288,USA,Pensacola,SXXX03,33616196,-3.97,14:28,13',5',  [open]  
PO40,,Italy,Ponza,ftp,,0.12,23/11/2015 10:18,288d,5',  [open]  
porl,55,Australia,Portland,SZAU01,61410,0.58,14:35,6',3',  [open]  
poro,,Russia,Poronajsk,web,,1.52,22/06/2016 12:29,76d,10',  [open]  
porp,,UK,Portpatrick,ftp,,3.48,13:45,56',15',  [open]  
port,,France,Port-Bloc,ftp,,2.22,14:32,8',5',  [open]  
port2,,France,Port-Bloc2,SZFR01,FR015,2.2,14:30,11',6',  [open]  
posi,,Russia,Pos'et,web,,1.97,14:29,12',10',  [open]  
ppcp,,Italy,Portopalo di Capo Passero,bgan,PPCP,0.28,14:19,22',1',  [open]  
prai,,Cabo Verde,Praia,ftp,18F7C178,0.78,14/07/2016 03:45,54d,1h,  [open]  
prat,189,Chile,Antarctica Base Prat,SXCH40,ADC191A6,2.12,14:27,14',5',  [open]  
prat3,189,Chile,Antarctica Base Prat,web,,1.7,01/06/2016 15:53,97d,5',  [open]  
prba,,Guatemala,Puerto Barrios,SOGU40,96500162,-999,14:28,13',5',  [open]  
prec,,Martinique,Le Prêcheur,SOMR10,12A011E0,0.01,14:27,14',5',  [open]  
preo,,Russia,Preobrazheniye,web,,2.31,14:29,12',10',  [open]  
prgi,,Indonesia,Prigi2,bgan,ID-PRIG-00,0.01,05/07/2016 19:45,63d,5',  [open]  
pric,,Grenada,"Prickly Bay, Grenada",SEPO40,3541B3DC,5.48,14:31,10',5',  [open]  
prig,,Indonesia,Prigi,SZID48,0650F10A,7.15,14:36,5',6',  [open]  
prin,155,Canada,Prince Rupert,ftp,,3.97,09:19,5h,6h,  [open]  
prog2,213,Mexico,"Progreso, Yuc",SOMX10,1029134,0.01,14:29,12',15',  [open]  
prud,151,USA,Prudhoe Bay,web,33611706,0.27,14:30,11',6',  [open]  
prud2,151,USA,Prudhoe Bay,SXXX03,33611706,-4.04,14:29,12',6',  [open]  
prus,,UK,Portrush,ftp,,0.89,13:45,56',15',  [open]  
psdn,,Nicaragua,Puerto Sandino,SXXX50,0500F7AE,14.26,14:22,19',1h,  [open]  
psla,,USA,"Pilots Station East, SW Pass, LA",web,336AC2C6,0.46,05/11/2015 21:52,306d,5',  [open]  
psla2,,USA,"Pilots Station East, SW Pass, LA",SXXX03,336AC2C6,-2.9,01/08/2016 17:30,36d,5',  [open]  
pslu,,USA,Port San Luis,web,3362C660,0.68,14:31,10',6',  [open]  
pslu2,,USA,Port San Luis,SXXX03,3362C660,-4.84,14:24,17',6',  [open]  
PT17,,Italy,Porto Torres,ftp,,0.22,14:34,7',5',  [open]  
ptan,,Mexico,Puerto Angel,SOMX10,0100F126,5.29,14:11,30',15',  [open]  
ptar,,Chile,Punta Arenas,SXCH40,140064EA,4.12,14:27,14',15',  [open]  
ptar2,,Chile,Punta Arenas,web,,3.98,14:32,8',15',  [open]  
ptbl,38,India,Port Blair,ftp,43332,2.6,06:57,8h,10',  [open]  
ptca,,Dominican Republic,Punta Cana,SEPO40,354041A2,5.62,14:32,9',5',  [open]  
ptfe,,France,Port Ferréol,ftp,,0.48,14:32,8',5',  [open]  
ptfe2,,France,Port Ferréol 2,SZFR01,FR847,0.48,14:27,14',6',  [open]  
ptis,,UK,Port Isaac,web,,-2.24,14:39,1',0.1666',  [open]  
ptln,,France,Port-La-Nouvelle,ftp,,0.52,14:32,8',5',  [open]  
ptln2,,France,Port-la-Nouvelle 2,SZFR01,FR803,0.52,14:27,14',6',  [open]  
ptlu,18,Mauritius,Pt.Louis,SXXX32,165B3038,1.53,08/08/2016 16:55,29d,6',  [open]  
ptma,,Malta,Portomaso,ftp,,0.07,14:36,5',1',  [open]  
ptmt,,UK,Portsmouth,ftp,,4.42,13:45,56',15',  [open]  
ptpl,,Dominican Republic,Puerto Plata,SEPO40,35407438,5,14:32,9',5',  [open]  
ptpr,209,Haïti,Port au Prince,SEHA10,49A00782,-999,14:28,13',5',  [open]  
ptpt,,France,"Pointe à Pitre, Guadeloupe",ftp,,0.56,14:32,8',5',  [open]  
ptpt2,,France,"Pointe à Pitre, Guadeloupe 2",SZCA01,FR125,0.56,14:31,10',6',  [open]  
ptro,210,Jamaica,Port Royal,SOJM10,92405008,-999,01/09/2016 18:01,5d,5',  [open]  
ptsc,,Barbados,Port St. Charles,SOBR10,BAB00078,0.01,14:31,10',5',  [open]  
ptsp,203,Trinidad & Tobago,Port of Spain,SOTD10,A9C000B6,3.01,13:32,1h,1h,  [open]  
ptve,,France,Port-Vendres,ftp,,0.47,14:32,8',5',  [open]  
ptve2,,France,Port-Vendres2,SZFR01,FR075,0.47,14:31,10',6',  [open]  
pumo,,Mexico,"Puerto Morelos, Q. R.",ftp,,0.78,27/05/2016 16:38,102d,10',  [open]  
pumo2,,Mexico,Puerto Morelos,SOMX10,010F1446,-999,14:31,10',5',  [open]  
puyt,,New Zealand,Puysegur Welcome Bay,SZNZ01,PUYT,7.15,14:34,7',3',  [open]  
pwil,,Chile,Puerto Williams,SXCH40,ADC147CE,4.22,14:18,23',15',  [open]  
pwil2,,Chile,Puerto Williams,web,,4.02,14:08,32',15',  [open]  
qaqo,344,Denmark,"Qaqortoq, Julianehab",email,,0.23,14:36,4',5',  [open]  
qcbc,,Canada,Queen Charlotte,SXAK50,CD404E30,4.72,14:33,8',5',  [open]  
qing,,China,Qinglan,SZCI01,11742,1.17,14:29,12',5',  [open]  
qtro,,Chile,Quintero,SXCH40,ADC2662C,4.12,14:31,10',5',  [open]  
qtro2,,Chile,Quintero,web,,4.12,14:35,5',5',  [open]  
qtro3,,Chile,Quintero,web,,-999,15/06/2016 18:47,83d,5',  [open]  
quar,77,Hong Kong - China,Quarry Bay,SEHK40,QUARYBAY,-999,14:35,6',5',  [open]  
quel,,Chile,Queule,SXCH40,ADC1E736,3.19,14:32,9',5',  [open]  
quel2,,Chile,Queule,web,,3.18,14:35,5',5',  [open]  
quepo,167,Costa Rica,Quepos,SEPO40,3540A250,5.37,14:30,11',5',  [open]  
quin,75,Viet Nam,Qui Nhon,SZVS40,0650771E,3.25,14:34,7',6',  [open]  
quir,,Chile,Quiriquina,SXCH40,ADC2755A,4.58,14:31,10',5',  [open]  
quir2,,Chile,Quiriquina,web,,4.64,14:34,6',5',  [open]  
qura,,Oman,Qurayat,SXOM33,1842C770,0.13,14:31,10',6',  [open]  
RA10,,Italy,Ravenna,ftp,,0.22,14:35,6',5',  [open]  
rangi,,France,"Rangiroa Atoll (Tuamotu, French Polynesia)",SEHI40,B1F00280,0.43,14:00,41',1h,  [open]  
raro,139,Cook Islands,Rarotonga,SZPS01,65980,0.47,14:35,6',3',  [open]  
rbct,,New Zealand,Raoul Island Boat Cove,SZNZ01,RBCT,5.63,14:34,7',3',  [open]  
RC09,,Italy,Reggio Calabria,ftp,,0.01,14:34,7',5',  [open]  
reun,17,France,Pointe des Galets (Reunion Island),ftp,,0.52,14:32,8',5',  [open]  
reun2,17,France,Pointe des Galets (Reunion Island) 2,SZIO02,FR110,0.52,14:30,11',15',  [open]  
reyk,229,Iceland,Reykjavik,ftp,,1.03,14:32,9',1h,  [open]  
rfrt,,New Zealand,Raoul Island Fishing Rock,SZNZ01,RFRT,2.4,14:34,7',3',  [open]  
riki,138,France,"Rikitea (Gambier, French Polynesia)",SEPO40,3541F0D6,6.85,14:31,10',5',  [open]  
rodr,19,Mauritius,Rodrigues,SXXX32,16590056,2.13,14:33,8',6',  [open]  
rorv,234,Norway,Rørvik,web,,1.03,11:00,4h,1h,  [open]  
rosc,,France,Roscoff,ftp,,2.27,14:32,8',5',  [open]  
rosc2,,France,Roscoff 2,SZFR01,FR054,2.25,14:27,14',6',  [open]  
rose,,Dominica island,Roseau,SEPO40,354097CA,5.93,14:28,13',5',  [open]  
ross,,Australia,Rosslyn Bay,SZAU01,59670,3.34,14:35,6',3',  [open]  
rothe,342,Antarctica,Rothera,SEMS40,6B000D98,2.89,14:23,18',15',  [open]  
rous,,France,Ile Rousse,ftp,,0.47,14:32,8',5',  [open]  
rous2,,France,Ile Rousse2,SZFR01,FR802,0.48,14:22,19',6',  [open]  
rtas,,Honduras,Roatan Island Punta Gorda Harbor,SOHO10,50CF45CC,0.93,14:00,41',1h,  [open]  
rudn,,Russia,Rudnaya Pristan,web,,2.41,14:06,35',10',  [open]  
saba,347,Indonesia,Sabang,SZID45,0650B200,1.93,14:33,8',6',  [open]  
sado,,Japan,Sado,SWJP40,SADO,2.19,14:29,12',10',  [open]  
sagr,,Portugal,Sagres,bgan,SAGR,0.29,14:20,21',1',  [open]  
sagu,,Spain,Sagunto,ftp,,-0.07,14:32,9',4',  [open]  
said,,Morocco,Saidia Marina,bgan,SAID,0.33,14:18,23',1',  [open]  
saig,,Japan,Saigo,SWJP40,SAIGO,2.32,14:29,12',10',  [open]  
sain,,France,Saint-Nazaire,ftp,,2.47,14:32,8',5',  [open]  
saip,118,USA,Saipan,SWMY40,6506468,7.24,14:30,11',6',  [open]  
sala,4,Oman,Salalah,SXXX33,1605C096,1.67,12:33,2h,6',  [open]  
sali,,Mexico,"Salina Cruz, Oax.",ftp,,1.54,07/05/2016 22:58,122d,10',  [open]  
sali2,,Mexico,"Salina Cruz, Oax.",SOMX10,0103703C,1.38,14:21,20',5',  [open]  
salv,334,Brasil,Salvador (Capitania dos Portos da Bahia),SEPA40,354052D4,6.77,14:31,10',5',  [open]  
sama,,Colombia,Santa Marta,SEPO40,35419530,6.35,14:30,11',5',  [open]  
san2,,Spain,Santander,ftp,,2.39,14:32,9',4',  [open]  
sana,,Colombia,San Andres,SEPO40,35418646,5.37,14:30,11',5',  [open]  
sanf,177,Chile,San Felix,SXCH40,ADC0A6C6,5.39,14:28,13',5',  [open]  
sanf3,,Chile,San Felix,web,,5.46,14:35,5',5',  [open]  
sanj,206,USA,San Juan,web,335CA19E,0.41,14:29,12',6',  [open]  
sanj2,206,USA,San Juan,SXXX03,335CA19E,-3.3,14:22,19',6',  [open]  
sano,,Chile,San Antonio,SXCH40,1401F372,4.78,14:30,11',5',  [open]  
sano2,,Chile,San Antonio,web,,4.82,14:35,5',5',  [open]  
sant,,Ecuador,"SantaCruz,Galapagos",SEEQ40,932085F0,6.42,14:31,10',5',  [open]  
sapz,,Colombia,Sapzurro,ftp,,0.94,14:10,31',5',  [open]  
sapz2,,Colombia,Sapzurro,SXCO41,15A045F2,0.09,14:29,12',5',  [open]  
sass,,Germany,Sassnitz,web,,5.12,14:33,8',5',  [open]  
saum,,Indonesia,Saumlaki,SZID41,6503414,5.08,14:32,9',15',  [open]  
SB36,,Italy,S.Benedetto Del Tronto,ftp,,0.19,14:34,7',5',  [open]  
sbea,157,USA,South Beach,web,3368974E,1.13,14:28,13',6',  [open]  
sbea2,157,USA,South Beach,SXXX03,3368974E,-4.75,14:27,14',6',  [open]  
SC43,,Italy,Sciacca,ftp,,0.07,14:34,7',5',  [open]  
scar,,Trinidad & Tobago,Scarborough,SOTD10,A9C0352C,-999,13/08/2016 21:33,24d,1h,  [open]  
scoa,,France,Socoa,ftp,,2.04,14:32,8',4',  [open]  
scoa2,,France,Socoa2,SZFR01,FR095,2.02,14:30,11',6',  [open]  
scor,315,Denmark,"Ittoqqortoormiit, Scoresbysund",email,,0.15,14:32,8',5',  [open]  
sdom,,Dominican Republic,Santo Domingo/p.San Andres,SXDR40,3341059E,-2.93,05/09/2016 17:59,21h,6',  [open]  
sdpr,,UK,Sandown Pier,web,,1.7,14:39,1',0.1666',  [open]  
sdpt,100,USA,Sand Point,web,3.36E+13,1.74,14:28,13',6',  [open]  
sdpt2,100,USA,Sand Point,SXXX03,3.36E+13,-3.78,14:27,14',6',  [open]  
sebla,,Indonesia,Seblat,SXXX33,229457FE,0.01,29/11/2015 19:08,282d,15',  [open]  
sema,,Indonesia,Semarang,SZID53,,1.03,14:33,8',15',  [open]  
sete,,France,Sète,ftp,,0.4,14:32,8',5',  [open]  
sete2,,France,Sete 2,SZFR01,FR250,0.4,14:28,13',6',  [open]  
setp1,211,Bahamas,Settlement pt,SEPO40,3543234A,3.32,14:31,10',10',  [open]  
setu,,Portugal,Setubal,bgan,SETU,2.58,14:19,22',1',  [open]  
sev2,,Spain,Sevilla,ftp,,-0.23,14:26,15',4',  [open]  
sewa,150,USA,Seward,web,335FC376,2.33,14:27,14',6',  [open]  
sewa2,150,USA,Seward,SXXX03,335FC376,-5.49,14:26,15',6',  [open]  
shee,,UK,Sheerness,ftp,,4.69,13:45,56',15',  [open]  
shen,,China,Shenzhen,SZCI01,9733,2.18,14:29,12',5',  [open]  
sibo,,Indonesia,Sibolga,SZID46,0650BCD2,2.39,14:35,6',15',  [open]  
sitin,268,South-Africa,Simon's Town,SXXX33,22306108,0.25,20/03/2015 19:11,536d,15',  [open]  
sitk,154,USA,Sitka,web,33625302,0.61,26/07/2016 06:43,42d,6',  [open]  
sitk2,154,USA,Sitka,SXXX03,33625302,-6.25,26/07/2016 06:42,42d,6',  [open]  
sitt,37,Myanmar,Sittwe,SZBM41,0650C490,3.95,14:30,11',6',  [open]  
smar,,France,Sainte Marie (Reunion island),SZIO01,FR832,0.49,29/07/2016 07:00,39d,15',  [open]  
smar2,,France,Sainte Marie (Reunion island) 2,ftp,,0.5,14:31,9',5',  [open]  
smog,,Sweden,Smogen,ftp,,5.74,12:55,2h,1h,  [open]  
sole,,France,Solenzara,ftp,,0.6,14:33,7',5',  [open]  
sole2,,France,Solenzara2,SZFR01,FR710,0.59,14:30,11',6',  [open]  
solo,66,Solomon Islands,Honiara,SZPS01,56670,0.54,14:35,6',3',  [open]  
sosu,,Russia,Sosunovo,web,,2.5,14:28,13',10',  [open]  
sove,,Russia,Sovetskaja Gavan',web,,0.89,15/01/2016 00:14,236d,10',  [open]  
spmi,,France,"Saint Pierre et Miquelon, Canada",ftp,,1.96,14:32,8',5',  [open]  
sprg,56,Australia,Spring Bay,SZAU01,61170,1.24,14:35,6',3',  [open]  
sscr,,UK,Second Severn Crossing,web,,-2.65,14:39,1',0.1666',  [open]  
stan,305,UK,Stanley,SXXX32,269375AE,1.39,14:08,33',15',  [open]  
star,,Russia,Starodubskoe,web,,0.94,22/06/2016 12:44,76d,10',  [open]  
stcr,,USA,St Croix,web,3365B2C4,0.23,14:29,12',6',  [open]  
stcr2,,USA,St Croix,SXXX03,3365B2C4,-3.01,14:28,13',6',  [open]  
sthl,264,Saint-Helena,Saint Helena,SXXX32,26F364EA,,14:21,20',15',  [open]  
sthm,341,Sweden,Stockholm,ftp,,6.98,12:55,2h,1h,  [open]  
stjo,223,Canada,St. Johns,ftp,,1.05,02/09/2016 13:44,4d,6h,  [open]  
stlo2,,Sénégal,StLouis,ftp,,0.33,14/07/2016 03:45,54d,1h,  [open]  
stma,,France,Saint-Malo,ftp,,3.08,14:32,8',5',  [open]  
stma2,,France,Saint-Malo 2,SZFR01,FR410,3.1,14:31,10',6',  [open]  
stmr,,UK,St Marys,ftp,,1.32,13:45,56',15',  [open]  
stmt,,France,Saint Martin Island,SXMF40,12A01F32,0.75,14:31,10',5',  [open]  
stor,238,UK,Stornoway,ftp,,2.36,13:45,56',15',  [open]  
stor2,238,UK,Stornoway (tsunami),socket,,1.78,14:40,0',1',  [open]  
subi,,Philippines,Subic Bay,SXXX33,3226F4BE,5.62,14:31,10',15',  [open]  
sumt,,New Zealand,Christchurch,SZNZ01,SUMT,0.07,04/09/2016 02:43,2d,3',  [open]  
sura,,Indonesia,Surabaya,SZID51,,1.83,14:31,10',15',  [open]  
suro,,Oman,Sur,SXOM33,188263EC,0.13,14:33,8',6',  [open]  
swpr,,UK,Swanage Pier,web,,0.41,14:39,1',0.1666',  [open]  
syow,95,Antarctica,Syowa,web,,8.29,12:55,2h,1h,  [open]  
syro,,Greece,Syros,ftp,,0.7,14:30,11',3',  [open]  
TA18,,Italy,Taranto,ftp,,-0.05,14:34,7',5',  [open]  
tala,,Perú,Talara,SEPO40,35414358,1.56,14:30,11',5',  [open]  
talc,,Chile,Talcahuano,SXCH40,ADC0C320,4.59,14:30,11',5',  [open]  
talc2,,Chile,Talcahuano,web,,4.68,14:36,4',5',  [open]  
talt2,,Chile,Taltal,web,,5.51,14:38,3',5',  [open]  
talt3,,Chile,Taltal,web,,5.5,14:35,6',5',  [open]  
tanjo,44,Singapore,Tanjong Pagar,SZSR01,44,1.57,28/01/2015 00:30,588d,18',  [open]  
tara,113,Kiribati,"Betio,Tarawa",SZPA01,67590,1.22,14:35,6',6',  [open]  
tare,,Solomon Islands,Tarekukure Wharf,SZPS01,56363,0.48,14:35,6',3',  [open]  
tari,,Spain,Tarifa,ftp,,0.95,14:32,9',4',  [open]  
tarr,,Spain,Tarragona,ftp,,0.29,14:27,14',4',  [open]  
taut,,New Zealand,Port of Tauranga,SZNZ01,TAUT,4.75,14:34,7',3',  [open]  
tdcu,266,UK,Tristan da Cunha,SXXX32,26BED7DE,1.75,20/06/2016 14:51,78d,15',  [open]  
tela,,Honduras,Tela Harbor,SOHO10,50C45512,9.29,13:00,2h,1h,  [open]  
telc,,Mexico,Telchac,ftp,,1.98,14:15,26',10',  [open]  
telu,,Indonesia,Telukdalam,SXXX33,12E3454E,5.94,16/07/2016 07:26,52d,15',  [open]  
tene,,Spain,Tenerife2,ftp,,2.1,14:32,9',4',  [open]  
tfbc,156,Canada,Tofino,SXAK50,15C3A33C,1.97,14:33,8',5',  [open]  
thev,308,Australia,Thevenard,SZAU01,62000,0.91,14:35,6',3',  [open]  
thio,,New Caledonia,Thio,SZNC44,xxxxxxx,-999,07:36,7h,6',  [open]  
thul,343,Denmark,"Thule, Pituffik",email,,-0.53,14:35,5',5',  [open]  
tnbl,,Indonesia,Tanahbala,SXXX33,12F6B594,4.95,14:24,17',15',  [open]  
toama,,Madagascar,Toamasina,SZIO03,FR041,-999,03/09/2016 02:04,4d,15',  [open]  
tobe,,UK,Tobermory,ftp,,1.52,13:45,56',15',  [open]  
toco2,,Chile,Tocopilla,web,,4.5,14:38,3',5',  [open]  
toco3,,Chile,Tocopilla,web,,4.49,14:35,6',5',  [open]  
tort,,British Virgin Islands,Tortola,SOVI10,B110070A,-2.95,14:28,13',10',  [open]  
tosa,,Japan,Tosashimizu,SWJP40,TOSASHIMIZU,2.56,14:29,12',10',  [open]  
toul,,France,Toulon,ftp,,0.46,14:32,8',5',  [open]  
toul2,,France,Toulon2,SZFR01,FR068,0.46,14:28,13',6',  [open]  
toya,325,Japan,Toyama,SWJP40,TOYAMA,2.45,14:29,12',10',  [open]  
TR22,,Italy,Trieste,ftp,,-0.08,14:34,7',5',  [open]  
treg,321,Norway,Tregde,web,,0.44,13:30,1h,1h,  [open]  
trin,,Sri Lanka,Trinconmalee,SXXX33,322952D4,0.01,13:54,47',15',  [open]  
tubua,,France,Tubuai (Austral Islands - French Polynesia),SEHI40,FFF0073A,0.66,14:36,5',15',  [open]  
tudy,,France,Port-Tudy (Groix island),ftp,,2.41,14:32,8',5',  [open]  
tumc,,Colombia,Tumaco,ftp,,4.21,21/08/2016 13:38,16d,5',  [open]  
tuxp,,Mexico,Tuxpan,ftp,,2.39,14:03,38',10',  [open]  
ugle,,Russia,Uglegorsk,web,,1.5,22/06/2016 12:44,76d,10',  [open]  
ulla,,UK,Ullapool,ftp,,2.53,13:45,56',15',  [open]  
upol,,Samoa,Apia Upolu,SZPS01,66840,0.57,14:35,6',3',  [open]  
ushu,181,Argentina,Ushuaia,SEPO40,334CE50A,6.52,13:49,52',15',  [open]  
util,,Honduras,Utila Island,SOHO10,50CF56BA,0.44,06/06/2016 00:40,93d,1h,  [open]  
vair,,France,Vairao (Tahiti Island - French Polynesia),SEHI40,FAA022BE,0.65,12:59,2h,1h,  [open]  
vale,,Spain,Valencia,ftp,,0.14,14:32,9',4',  [open]  
valp,175,Chile,Valparaiso,SXCH40,35402444,2.87,14:28,13',5',  [open]  
valp2,175,Chile,Valparaiso,web,,2.9,14:35,5',5',  [open]  
vanu,348,Vanuatu,"Port Villa, Vanuatu",SZPS01,57320,0.54,14:35,6',3',  [open]  
vard,323,Norway,Vardø,web,,1.02,13:30,1h,1h,  [open]  
vati,,Fiji Islands,"Vatia, Viti Levu",SZFJ40,91000,0.78,14:36,5',6',  [open]  
VE19,,Italy,Venice,ftp,,0.23,14:34,7',5',  [open]  
vera,212,Mexico,"Veracruz, Ver.",ftp,,1.54,11/04/2016 18:26,148d,10',  [open]  
vera2,212,Mexico,"Veracruz, Ver.",SOMX10,0102A4AE,1.48,23/08/2016 11:55,14d,15',  [open]  
verav,31,India,Veeraval,ftp,42910,1.64,06:48,8h,10',  [open]  
vern,188,Antarctica,Vernadsky - Faraday,SEMS40,3354E632,1.9,28/04/2016 13:54,131d,15',  [open]  
vhbc,,Canada,Vancouver Harbor,SXAK50,CD400D3A,3.24,14:33,8',5',  [open]  
VI12,,Italy,Vieste,ftp,,0.04,14:35,6',5',  [open]  
vibc,,Canada,Victoria Harbor,SXAK50,CD405D46,2.05,14:33,8',5',  [open]  
vieq,,USA,Vieques,web,335CC478,0.24,14:30,11',6',  [open]  
vieq2,,USA,Vieques,SXXX03,335CC478,-3.26,14:23,18',6',  [open]  
vig2,,Spain,Vigo,ftp,,2.02,14:32,9',4',  [open]  
vil2,,Spain,Villagarcia,ftp,,2.13,14:32,9',4',  [open]  
vish,35,India,Visakhapatnam,ftp,43151,1.36,06:55,8h,10',  [open]  
viti,122,Fiji Islands,Suva Viti Levu,SZPS01,67050,0.89,14:35,6',3',  [open]  
vlad,,Russia,Vladivostok,web,,1.63,14:24,17',10',  [open]  
vodo,,Russia,Vodopadnaya,web,,0.81,14:29,12',10',  [open]  
vung,,Viet Nam,Vung Tau,SZVS41,06506ABA,1.83,14:32,9',6',  [open]  
waik,346,Indonesia,Waikelo,SXXX33,32A89288,2.56,14:30,11',15',  [open]  
wait,128,New Zealand,"Waitangi,Chatham",SEPS40,9321E2EC,-999,15/02/2016 14:35,204d,1h,  [open]  
waka,324,Japan,Wakkanai,SWJP40,WAKKANAI,2.26,14:29,12',10',  [open]  
wake,105,USA,Wake,web,33638790,0.26,14:32,9',6',  [open]  
wake2,105,USA,Wake,SXXX03,33638790,-3.41,14:25,16',6',  [open]  
wall,,France,Mata-Utu (Wallis island),SZFW41,0652170C,0.83,14:34,7',6',  [open]  
walvi,314,Namibia,Walvis Bay,SXXX33,362856A6,,07/04/2016 05:29,152d,15',  [open]  
warn,,Germany,Warnemünde,web,,5.12,14:36,5',5',  [open]  
wbhb,,UK,West Bay Harbour,web,,-1.2,14:39,1',0.1666',  [open]  
weym,,UK,Weymouth,ftp,,0.45,13:45,56',15',  [open]  
whbc,,Canada,Winter Harbour,SXAK50,15C385D0,2.09,14:30,11',5',  [open]  
whit,,UK,Whitby,ftp,,1.79,13:45,56',15',  [open]  
wick,,UK,Wick Harbour,ftp,,3.26,13:45,56',15',  [open]  
wlgt,101,New Zealand,Wellington,SZNZ01,WLGT,2.8,14:34,7',3',  [open]  
wlms,,USA,"Bay Waveland Yacht Club, MS",web,33456542,0.58,14:28,13',5',  [open]  
wlms2,,USA,"Bay Waveland Yacht Club, MS",SXXX03,33456542,-8.86,14:27,14',5',  [open]  
wood,,USA,"Woods Hole, MA",web,3340A79C,0.59,14:27,14',5',  [open]  
wood2,,USA,"Woods Hole, MA",SXXX03,3340A79C,-3.61,14:26,15',5',  [open]  
work,,UK,Workington,ftp,,7.49,13:45,56',15',  [open]  
wpwa,,USA,"Westport, WA",web,33632768,1.32,14:29,12',6',  [open]  
wpwa2,,USA,"Westport, WA",SXXX03,33632768,-5.74,10/09/2015 15:25,362d,6',  [open]  
wuda,,Oman,Khawr Wudam,SXOM33,18539268,0.14,14:28,13',6',  [open]  
xish,,China,Xisha,SZCI01,11745,1.48,14:29,12',5',  [open]  
xmas,146,Kiribati,Christmas,SEPA40,3542F7D8,4.1,14:30,11',15',  [open]  
yabu,,USA,"Yabucoa Harbor, PR",SXXX03,3366B5CA,-5.97,14:24,17',6',  [open]  
yaku,,USA,Yakutat,web,3360E578,2.07,14:29,12',6',  [open]  
yaku2,,USA,Yakutat,SXXX03,3360E578,-7.32,14:28,13',6',  [open]  
yapi,119,Micronesia,Yap Island,SWPA41,065012F8,2.1,14:34,7',12',  [open]  
zanz,297,Tanzania,Zanzibar,SXXX33,1605D3E0,4.15,14:28,13',15',  [open]  
zhap,78,China,Zhapo,SZCI01,9731,2.49,14:29,12',1',  [open]  
zihu2,,Mexico,"Zihuatanejo, Gro",SOMX10,0102D23E,3.65,14:21,20',5',  [open]  
zygi,,Cyprus,Zygi,ftp,,1.91,19/06/2015 03:18,445d,1',  [open]  
