id,lat,lon,name,status,country,location
2071,52.9339981079102,1.30200004577637,Cromer,active,Spain,
2068,53.8677787780762,8.71749973297119,Cuxhaven,active,Spain,
2072,46.1589431762695,-1.21931731700897,La Rochelle - La Pallice,active,Spain,
2069,60.1540031433105,-1.14038097858429,Lerwick,active,Spain,
2067,54.085334777832,-4.76691722869873,Port Erin,active,Spain,
2070,58.0063896179199,7.55472183227539,Tredge,active,Spain,
62,38.5340003967285,-28.6218338012695,Faial Island,active,,
63,38.5315017700195,-28.3211669921875,Pico,active,,
1489,36.9440994262695,-25.1490001678467,Santa Maria,active,,
64,38.6505012512207,-27.2218341827393,Terceira,active,,
56,43.2799987792969,145.570007324219,Hanasaki_ Japan HAN,active,,
59,-17.7553329467773,168.307693481445,Port Vila_ Efate_ Vanuatu,active,,
14,-18.1341934204102,178.423599243164,Suva_ Viti Levu_ Fiji,active,,
38,38.2043647766113,-67.938346862793, 250 NM SE of Montauk Pt N.Y.,active,,
43,57.5,-144, 330 NM Southeast of Anchorage_ AK,active,,
26,8.90499973297119,88.5400009155273, 600 NM West-Northwest of Phuket_ Thailand,active,,
49,19.2856101989746,155.766296386719, 610 NM Northeast of Saipan,active,,
47,19.6299991607666,-156.524993896484,140 NM Southeast of Honolulu_ HI,active,,
22,50.172534942627,171.8369140625,175 NM S of Attu AK,active,,
44,32.2459983825684,-120.697998046875,190 NM West-Southwest of San Diego_ CA,active,,
46,-8.48854827880859,-125.005447387695,2_900 NM Southeast of Hawaii,active,,
41,42.6042518615723,-128.900329589844,210 NM West of Coos Bay_ OR,active,,
33,15.2600002288818,-68.2289962768555,230 NM South of San Juan_ PR,active,,
40,45.859001159668,-128.77799987793,230 NM West of Astoria_ OR,active,,
39,51.0695648193359,-164.010513305664,240 NM South of Dutch Harbor_ AK,active,,
35,16.0337162017822,-107.000999450684,240 NM Southwest of Manzanillo_ Mexico,active,,
23,48.0435180664063,163.488067626953,240NM SE of Kamchatka Peninsula,active,,
27,-19.5470008850098,-74.8130035400391,260 NM West-Southwest of Arica Chile,active,,
24,43.1916656494141,157.141662597656,290 NM SE of the Kuril Islands,active,,
34,26.6580009460449,-85.7910003662109,295 NM Southeast of New Orleans_ LA,active,,
45,48.7999992370605,-129.600006103516,300 NM West-Northwest of Seattle_ WA,active,,
31,23.3994998931885,-63.9009399414063,320 NM North of San Juan_ PR,active,,
36,10.8399667739868,-100.085029602051,360 NM South-Southwest of Acapulco_ Mexico,active,,
32,32.9278984069824,-72.469596862793,370 NM East of Charleston_ SC,active,,
48,-22.9932174682617,-168.098114013672,400 NM Southeast of Tonga,active,,
51,4.00333976745605,145.535995483398,430 NM Southwest of Truk,active,,
25,38.7062492370605,148.664993286133,450 NM Northeast of Tokyo_ Japan,active,,
29,-17.966667175293,-86.3833312988281,630 NM Southwest of Lima_ Peru,active,,
30,23.3123168945313,-67.6393661499023,690 NM East of Miami_ FL,active,,
20,30.5499992370605,152.117828369141,690 NM Southeast of Tokyo_ Japan,active,,
28,4.92331647872925,-90.6851654052734,710 NM West-Southwest of Panama City_ Panama,active,,
53,12.8666667938232,132.33332824707,740 NM West of Agana_ Guam,active,,
52,20.9356670379639,132.308837890625,760 NM Northeast of Manila_ Philippines,active,,
37,37.5620651245117,-49.9999847412109,790 NM NE of Bermuda,active,,
50,11.5749998092651,154.587997436523,790 NM Northwest of Kwajalein,active,,
54,0.0500000007450581,91.8833312988281,Indonesia,active,,
42,49.6259994506836,-169.871505737305,NW Pacific S AK,active,,
1594,42.617000579834,152.582992553711,Station 21401 - 250NM Southeast of Iturup Island,active,,
1945,46.4879989624023,158.343002319336,Station 21402 - 286NM East of Simushir Island,active,Off-shore,
21,48.9421844482422,178.270172119141,Station 21414 - NW Pacific,active,,
73,50.1730003356934,-171.837005615234,Station 21415 - 175 NM S of Attu AK,active,,
1090,44.4710006713867,155.735992431641,Station 21419 - 209NM SE of KURIL ISLANDS,active,,
1886,6.25500011444092,88.7919998168945,Station 23227 - Bay of Bengal,active,Off-shore,
1887,20.798999786377,65.3470001220703,Station 23228 - Arabian Sea,active,Off-shore,
1946,-1.12999999523163,-81.7689971923828,Station 32066 - Ecuador INOCAR,active,Off-shore,
13,-19.5499992370605,-74.8099975585938,Station 32401 - 260 NM West-Southwest of Arica Chile,active,,
1595,-7.39699983596802,-93.5,Station 32413 - 1000 NM WestNorthwest of Lima_ Peru,active,,
1091,25.2000007629395,-87,Station 42408 - 310 NM South-Southeast of New Orleans_ LA,active,,
1092,39.4869995117188,-70.5940017700195,Station 44402 - 136NM SE of Fire Island_ NY.,active,,
1093,46.6380004882813,-170.789993286133,Station 46401 - East of ADAK_ AK,active,,
68,51.0690002441406,-164.011001586914,Station 46402 - 240 NM South of Dutch Harbor_ AK,active,,
69,52.6500015258789,-156.940002441406,Station 46403 - 230 NM Southeast of Shumagin Island_ AK,active,,
1094,42.9029998779297,-130.908996582031,Station 46405 - 325 NM West-Southwest of Newport_ OR,active,,
1095,-8.49100017547607,-125.023002624512,Station 46406 - 2_900 NM Southeast of Hawaii,active,,
11,49.6300010681152,-169.869995117188,Station 46408 - NW Pacific S AK,active,,
12,49.6300010681152,-169.869995117188,Station 46408 - NW Pacific S AK,active,,
1096,55.3009986877441,-148.494995117188,Station 46409 - 240 NM Southeast of Kodiak_ AK,active,,
71,55.2999992370605,-148.5,Station 46409 - 240 NM Southeast of Kodiak_ AK,active,,
72,39.3400001525879,-127.00700378418,Station 46411 - 260 NM Northwest of San Francisco_ CA,active,,
10,48.8600006103516,-175.600006103516,Station 46413 - East of ADAK_ AK,active,,
1097,40,-150,Station 46499 - DART Special Test ,active,,
66,-9.493332862854,-176.244995117188,Station 51425 - 370 NM NW of Apia,active,,
65,-5.36329984664917,165.046661376953,Station 52406 - 450 NM Northeast of the Guadalcanal,active,,
1808,-11.4449996948242,113.607002258301,Station 53046 - South Bali,active,Off-shore,
16,0.0500000007450581,91.9000015258789,Station 53401 - Indonesia,active,,
1098,-33.0050010681152,-172.985000610352,Station 54401 - 640NM Northeast of Auckland_ New Zealand,active,,
60,-23.013334274292,163.008331298828,Station 55012 - DART Coral Sea,active,,
1437,-15.8000001907349,158.5,Station 55012 - STB Coral Sea,active,,
1056,-46.6652793884277,161.001388549805,Station 55013 - ETD TASMAN SEA 2,active,,
61,-46.9221496582031,160.562103271484,Station 55015 - DART TASMAN SEA 1,active,,
1596,-26,176,Station 55016 - ETD Fiji Basin,active,,
1436,-14.8030004501343,153.585006713867,Station 55023 - STB Coral Sea,active,,
1712,-44.8530006408691,161.727996826172,Station 55042 - Tasman Sea 2,active,,
1490,-13.9610004425049,110.003997802734,Station 56001 - STB Indian Ocean 1,active,,
1491,-15.0209999084473,117.988998413086,Station 56003 - STP Indian Ocean 3,active,,
1620,38.7799987792969,-7.90000009536743,Lisbona (Press),active,,
1619,38.7799987792969,-8.13000011444092,Lisbona (Temp),active,,
1048,44.6199989318848,8.93000030517578,Malpensa (Press),active,,
1047,44.6199989318848,8.63000011444092,Malpensa (Temp),active,,
2065,48.3828506469727,-4.49483823776245,Brest,active,Spain,
2359,60.0304985046387,20.3887596130371,Degerby,active,Finland ,
2342,60.0318794250488,20.3848209381104,F�gl� Degerby ,active,Finland ,
2358,60.5697402954102,27.197940826416,Hamina,active,Finland ,
2344,60.5627708435059,27.17919921875,Hamina Pit�j�nsaari ,active,Finland ,
2357,59.8333015441895,22.9500007629395,Hanko,active,,
2343,59.822868347168,22.9765796661377,Hanko Pikku Kolalahti,active,Finland ,
2356,60.1695213317871,24.9354496002197,Helsinki ,active,Finland ,
2331,60.1536293029785,24.9562206268311,Helsinki Kaivopuisto ,active,Finland ,
2355,62.38330078125,21.2166996002197,Kaskinen ,active,Finland ,
2341,62.3439483642578,21.2148303985596,Kaskinen �dsk�r ,active,Finland ,
2348,65.6956024169922,24.6222991943359,Kemi ,active,Finland ,
2333,65.6729125976563,24.5152606964111,Kemi Ajos ,active,Finland ,
2354,61.5833282470703,21.4833297729492,M�ntyluoto ,active,Finland ,
2353,65.0123596191406,25.4681606292725,Oulu ,active,Finland ,
2339,65.0402984619141,25.4181995391846,Oulu Toppila ,active,Finland ,
2347,63.6699981689453,22.6700000762939,Pietarsaaren Golf ,active,Finland ,
2340,63.708568572998,22.6895809173584,Pietarsaari Lepp�luoto ,active,Finland ,
2345,61.5943794250488,21.4634304046631,Pori M�ntyluoto Kallo,active,Finland ,
2352,64.6833267211914,24.4833297729492,Raahe ,active,Finland ,
2330,64.665901184082,24.4070796966553,Raahe Lapaluoto ,active,Finland ,
2351,61.1272392272949,21.5112705230713,Rauma ,active,Finland ,
2337,61.1335296630859,21.4634304046631,Rauma Ulko-Pet�j�s ,active,Finland ,
2350,60.4514808654785,22.2686901092529,Turku ,active,Finland ,
2338,60.428279876709,22.1005306243896,Turku Ruissalo Saaronniemi,active,Finland ,
2349,63.0960006713867,21.6157703399658,Vaasa ,active,Finland ,
2336,63.0815010070801,21.5711803436279,Vaasa Vaskiluoto ,active,Finland ,
2012,44.7058982849121,30.778299331665,EUxRO01,active,Romania,
2024,44.317798614502,30.4134998321533,EUxRO02,active,Romania,
2025,43.9790992736816,29.9363994598389,EUxRO03,active,Romania,
2041,43.8022003173828,28.6054992675781,RomaniaCoastalGauge,active,Romania,
2039,43.1344985961914,28.4561004638672,RomaniaEUXBg04,active,Romania,
2040,43.4311981201172,28.7994995117188,RomaniaEUXBg05,active,Romania,
2042,44.1608009338379,28.6571998596191,RomaniaSite01,active,Romania,
2043,45.1621017456055,29.726900100708,RomaniaSite02,active,Romania,
2044,43.8014984130859,28.5949993133545,RomaniaSite03,active,Romania,
2004,36.7975082397461,21.9627990722656,Koroni (Prs),active,,
2005,36.7975082397461,21.9627990722656,Koroni (Rad),active,,
2010,36.7975082397461,21.9627990722656,Koroni_NOA (Prs),active,,
2011,36.7975082397461,21.9627990722656,Koroni_NOA (Rad),active,,
2000,36.1417999267578,23.0037002563477,Kythira (Prs),active,,
2001,36.1417999267578,23.0037002563477,Kythira (Rad),active,,
2006,36.1417999267578,23.0037002563477,Kythira_NOA (Prs),active,,
2007,36.1417999267578,23.0037002563477,Kythira_NOA (Rad),active,,
2002,35.2239990234375,23.6786003112793,Paleochora (Prs),active,,
2003,35.2239990234375,23.6786003112793,Paleochora (Rad),active,,
2008,35.2239990234375,23.6786003112793,Paleochora_NOA (Prs),active,,
2009,35.2239990234375,23.6786003112793,Paleochora_NOA (Rad),active,,
2066,51.1143951416016,1.32255005836487,Dover,active,Spain,
2541,38.3383293151855,-0.477770000696182,Ign - Alicante1,active,Spain,
2542,38.3388900756836,-0.481389999389648,Ign - Alicante2,active,Spain,
2551,36.832218170166,-2.48472189903259,Ign - Almeria,active,Spain,
2544,43.3644409179688,-8.39888954162598,Ign - Coruna,active,Spain,
2548,28.4966697692871,-13.859169960022,Ign - Fuerte,active,Spain,
2543,37.5963897705078,-0.973609983921051,Ign - Murcia,active,Spain,
2545,28.4772205352783,-16.2411098480225,Ign - Tenerife13,active,Spain,
2546,28.4183292388916,-16.5505599975586,Ign - Tenerife21,active,Spain,
2547,28.0469398498535,-16.7180500030518,Ign - Tenerife31,active,Spain,
1992,37.7717018127441,-122.298301696777,USA - Alameda San Francisco Bay_IOOS,active,USA,
1988,39.3549995422363,-74.4182968139648,USA - Atlantic city_IOOS,active,USA,
1989,46.9043006896973,-124.105102539063,USA - Westport_IOOS,active,USA,
1990,18.3351993560791,-65.631103515625,USA -Playa de Fajardo_IOOS,active,USA,
1995,17.5907001495361,-61.8205986022949,USA_Barbuda_IOOS,active,USA,
1997,17.75,-64.7050018310547,USA_Christiansted_IOOS,active,USA,
1994,8.73159980773926,167.736206054688,USA_Kwajalein_IOOS,active,USA,
1996,17.6947002410889,-64.7537994384766,USA_Lime Tree Bay_IOOS,active,USA,
1998,17.970100402832,-67.0464019775391,USA_Magueyes Island_IOOS,active,USA,
1993,-14.2799997329712,-170.690002441406,USA_Pago Pago_IOOS,active,USA,
2021,38.6931991577148,-9.4153995513916,Cascais (IPMA),active,Portugal,
2013,32.6399993896484,-16.9067001342773,Funchal (IPMA),active,Portugal,
2019,38.5337982177734,-28.6215000152588,Horta (IPMA),active,Portugal,
2022,37.0988006591797,-8.66679954528809,Lagos (IPMA),active,Portugal,
2015,41.185001373291,-8.70330047607422,Leixoes (IPMA),active,Portugal,
2017,39.951000213623,-8.89200019836426,Peniche (IPMA),active,Portugal,
2016,37.7375984191895,-25.6616992950439,Ponte Delgada (IPMA),active,Portugal,
2018,36.9449996948242,-25.1483001708984,Santa Maria (IPMA),active,Portugal,
2020,37.9449996948242,-8.89200019836426,Sines (IPMA),active,Portugal,
1837,43.6247711181641,13.5065202713013,Italy - Ancona (ISPRA),active,Italy ,
2556,43.6247711181641,13.5065202713013,Italy - Ancona (TEST),active,Italy ,
1838,41.4468612670898,12.6347999572754,Italy - Anzio (ISPRA),active,Italy ,
1839,41.140209197998,16.8660297393799,Italy - Bari (ISPRA),active,Italy ,
1840,39.2101898193359,9.11427211761475,Italy - Cagliari (ISPRA),active,Italy ,
1841,39.1479682922363,8.30945301055908,Italy - Carloforte (ISPRA),active,Italy ,
1842,37.4980812072754,15.0938301086426,Italy - Catania (ISPRA),active,Italy ,
1843,42.0939598083496,11.7896499633789,Italy - Civitavecchia (ISPRA),active,Italy ,
1844,39.0835800170898,17.1370601654053,Italy - Crotone (ISPRA),active,Italy ,
1845,41.2099914550781,13.5897397994995,Italy - Gaeta (ISPRA),active,Italy ,
1846,44.4101295471191,8.92551708221436,Italy - Genova (ISPRA),active,Italy ,
1847,38.7851791381836,15.190770149231,Italy - Ginostra (ISPRA),active,Italy ,
1848,43.8783416748047,8.01886367797852,Italy - Imperia (ISPRA),active,Italy ,
1849,42.1188812255859,15.5015697479248,Italy - Isole Tremiti (ISPRA),active,Italy ,
1850,44.0966110229492,9.85764408111572,Italy - La Spezia (ISPRA),active,Italy ,
1851,35.499828338623,12.6044397354126,Italy - Lampedusa (ISPRA),active,Italy ,
1852,43.5462913513184,10.2993402481079,Italy - Livorno (ISPRA),active,Italy ,
1853,42.7426300048828,10.2383298873901,Italy - Marina di Campo (ISPRA),active,Italy ,
1854,38.1963195800781,15.5635099411011,Italy - Messina (ISPRA),active,Italy ,
1855,40.8414001464844,14.2691898345947,Italy - Napoli (ISPRA),active,Italy ,
1856,42.355899810791,14.4148597717285,Italy - Ortona (ISPRA),active,Italy ,
2555,42.3699989318848,14.4300003051758,Italy - Ortona (TEST),active,Italy ,
1857,40.1471481323242,18.4970893859863,Italy - Otranto (ISPRA),active,Italy ,
1858,38.121410369873,13.3713302612305,Italy - Palermo (ISPRA),active,Italy ,
1859,40.0299110412598,15.2752895355225,Italy - Palinuro (ISPRA),active,Italy ,
1860,40.8951797485352,12.9655895233154,Italy - Ponza (ISPRA),active,Italy ,
1861,37.285758972168,13.5268402099609,Italy - Porto Empedocle (ISPRA),active,Italy ,
1862,40.8422088623047,8.40391254425049,Italy - Porto Torres (ISPRA),active,Italy ,
1863,44.4920501708984,12.2827301025391,Italy - Ravenna (ISPRA),active,Italy ,
1864,38.1217193603516,15.6489200592041,Italy - Reggio Calabria (ISPRA),active,Italy ,
1865,40.6766395568848,14.7508401870728,Italy - Salerno (ISPRA),active,Italy ,
1866,42.9551200866699,13.889760017395,Italy - San Benedetto del Tronto (ISPRA),active,Italy ,
2557,42.9551200866699,13.889760017395,Italy - San Benedetto del Tronto (TEST),active,Italy ,
1867,37.5045394897461,13.0764598846436,Italy - Sciacca (ISPRA),active,Italy ,
2026,38.8172836303711,15.2517900466919,Italy - Strombolicchio (ISPRA),active,Italy ,
1868,40.4756011962891,17.2237606048584,Italy - Taranto (ISPRA),active,Italy ,
1869,45.6493911743164,13.7579402923584,Italy - Trieste (ISPRA),active,Italy ,
1870,45.4182205200195,12.4265298843384,Italy - Venezia (ISPRA),active,Italy ,
2570,45.4182205200195,12.4265298843384,Italy - Venezia (ISPRA) TEST,active,Italy ,
1871,41.8880805969238,16.1770095825195,Italy - Vieste (ISPRA),active,Italy ,
2064,57.1440010070801,-2.08021998405457,Aberdeen,active,Spain,
2061,38.6931571960449,-9.41538429260254,Cascais,active,Portugal,
2060,47.8736991882324,-3.90738010406494,Concarneau,active,France,
2063,43.3686065673828,-8.39775085449219,La Coruna,active,Spain,
2058,46.1584777832031,-1.22073602676392,La Pallice,active,France,
2062,28.1467094421387,-15.4076089859009,Las Palmas,active,Spain,
2057,45.5499992370605,-1.06666696071625,Le Verdon,active,France,
2059,46.4973564147949,-1.79352796077728,Les Sables D Olonne,active,France,
2056,43.3952407836914,-1.68162298202515,St Jean-de-Luz,active,France,
2028,52.0072898864746,3.40320110321045,Europlatform,active,Netherlands,Netherlands
2027,52.0991096496582,4.26301908493042,Scheveningen,active,Netherlands,Netherlands
2030,53.4738388061523,5.39669513702393,Terschelling Noordzee,active,Netherlands,Netherlands
2558,38.2569999694824,22.0767002105713,Aigio,active,Greece,Greece
2559,31.2108993530273,29.9235000610352,Alexandria,active,Greece,Greece
2562,35.3489990234375,25.1529998779297,Hrakleio,active,Greece,Greece
2560,35.0040016174316,25.7390003204346,Ierapetra,active,Greece,Greece
2561,38.4305992126465,22.4225997924805,Itea,active,Greece,Greece
2361,36.113899230957,28.0695991516113,Kalathos,active,Greece,Greece
2563,35.4189987182617,26.9220008850098,Kasos,active,Greece,Greece
2564,35.5139999389648,23.636999130249,Kasteli,active,Greece,Greece
2037,39.7901992797852,19.9099006652832,Kerkira,active,Greece,Greece
2565,37.2599983215332,21.6639995574951,Kyparissia,active,Greece,Greece
2364,40.9581985473633,17.301399230957,Monopoli,active,Greece,Greece
2036,37.934700012207,23.6212005615234,Peiraias,active,Greece,Greece
2566,35.9272994995117,27.8575000762939,Plimiri,active,Greece,Greece
2567,40.4749984741211,25.4680004119873,Samothraki,active,Greece,Greece
2035,37.4379997253418,24.9410991668701,Syros,active,Greece,Greece
2363,40.6327018737793,22.9055004119873,Thessaloniki,active,Greece,Greece
2034,36.3358001708984,25.4354000091553,Vlychada,active,Greece,Greece
2362,38.4618988037109,23.5990009307861,Xalchida Notia,active,Greece,Greece
2568,37.7813987731934,20.9053001403809,Zakynthos,active,Greece,Greece
1621,38.7000007629395,-9.41666984558105,Cascais Tidal wave (Avg),active,,
1622,37.1019096374512,-8.67323780059814,Lagos (Avg),active,,
1623,38.4448394775391,-9.10201358795166,Sesimbra (Avg),active,,
1052,37.9513397216797,-8.87589645385742,Sines,active,,
1613,38.5,-8.5,B02 avg30,active,,
1614,38.5,-8,B02 avg300,active,,
1616,38.5,-7,B02 TS AlertLevel,active,,
1615,38.5,-7.5,B02 TS signal,active,,
2054,45.810001373291,8.61999988555908,ARD-01,active,,
2052,33.6100006103516,-7.6100001335144,Casablanca,active,,
2038,38.7851791381836,15.190770149231,Ginostra (TAD),active,,
2571,44.4926910400391,12.2892198562622,Marina di Ravenna SIAP,active,Italy,Italy
2033,38.4942321777344,-8.93097877502441,SET-01 - Setubal,active,,
2051,38.4942321777344,-8.93097877502441,SET-01-300-test,active,,
2050,38.4942321777344,-8.93097877502441,SET-01-test,active,,
1618,38.5145797729492,-8.90941047668457,TAD Setubal (Press),active,,
1617,38.5145797729492,-8.80941009521484,TAD Setubal (Temp),active,,
1044,46.5,8.61699962615967,Tamosy Large Panel (Press),active,,
1043,45.7561988830566,8.61699962615967,Tamosy Large Panel (Temp),active,,
919,6.25,3.24000000953674, - Lagos ,active,,
960,16.7549991607666,-22.9832992553711, islas del - Palmeira Cabo Verde,active,,
1014,-69.0077743530273,39.5702781677246,Antarctica - Syowa ,active,,
1028,-65.25,-64.2699966430664,Antarctica - Vernadsky ,active,,
1798,17.8899993896484,-61.8199996948242,Antigua_ Barbuda & Redonda - Barbuda,active,Antigua, Barbuda & Redonda ,
1572,-38,-57.5390014648438,Argentina - Mar del Plata ,active,,
1504,-47.7540016174316,-65.9150009155273,Argentina - Puerto Deseado ,active,,
1794,-47.7535781860352,-65.9146957397461,Argentina - Puerto Deseado,active,Argentina ,
1529,-42.7630004882813,-65.0309982299805,Argentina - Puerto Madryn ,active,,
2528,-54.8170013427734,-68.2170028686523,Argentina - Ushuaia,active,Argentina,
1804,31.830509185791,34.6415481567383,Ashdod Port,active,Israel,
827,-18.0007991790771,122.218597412109,Australia - Broome_AU ,active,,
820,-41.0500984191895,145.914993286133,Australia - Burnie_Tasmania_AU ,active,,
1294,-24.2210006713867,113.397003173828,Australia - Cape Cuvier Wharf,active,,
874,-19.2772998809814,147.058395385742,Australia - Cape_Ferguson_AU ,active,,
837,-10.4294004440308,105.669296264648,Australia - Christmas_Island_AU ,active,,
844,-12.1167001724243,96.8918991088867,Australia - Cocos_Island_AU ,active,,
856,-12.4718999862671,130.845794677734,Australia - Darwin_AU ,active,,
870,-33.8708992004395,121.895401000977,Australia - Esperance_AU ,active,,
888,-13.8599996566772,136.415802001953,Australia - Groote Eylandt ,active,,
892,-31.8255004882813,115.73860168457,Australia - Hillarys_Harbor_AU ,active,,
966,-34.4738006591797,150.911895751953,Australia - Port_Kembla_AU ,active,,
974,-35.1086006164551,138.466995239258,Australia - Port_Stanavac_AU ,active,,
973,-38.3433990478516,141.613204956055,Australia - Portland_AU ,active,,
970,-21.8166999816895,114.19100189209,Australia - PtMurat ,active,,
985,-23.1609992980957,150.79020690918,Australia - Rosslyn_Bay_AU ,active,,
1008,-42.5458984375,147.932693481445,Australia - Spring_Bay_AU ,active,,
1019,-32.1488990783691,133.641296386719,Australia - Thevenard_AU ,active,,
1400,26.4200000762939,-79.0100021362305,Bahamas - Settlement pt,active,,
839,22.3332996368408,91.8249969482422,Bangladesh - Chittagong ,active,,
1805,18.208137512207,-71.092155456543,Barahona,active,Dominican Republic,
2486,13.2629804611206,-59.6448516845703,Barbados - Port St. Charles,active,Barbados,
1809,21.3218002319336,-158.119293212891,Barbers Point,active,Hawaii; U.S.A.,
877,-3.71666669845581,-38.4667015075684,Brasil - Fortaleza ,active,,
990,-12.9700002670288,-38.5200004577637,Brasil - Salvador_Itaparica ,active,,
1876,-52.9665985107422,-74.0667037963867,Caleta Meteoro_CL,active,Chile,
1006,4.00578594207764,9.12592220306396,Cameroon - Port Sonara ,active,,
1277,48.8400001525879,-125.139999389648,Canada - Bamfield,active,Canada,
1647,44.6699981689453,-63.5800018310547,Canada - Halifax,active,Canada,
1648,54.1833305358887,-133,Canada - Henslung Cove,active,Canada,
1353,56.5499992370605,-61.6800003051758,Canada - Nain,active,Canada,
1679,54.3199996948242,-130.320007324219,Canada - Prince Rupert,active,Canada,
1696,47.5699996948242,-52.7200012207031,Canada - St. Johns,active,Canada,
1701,49.1500015258789,-125.910003662109,Canada - Tofino,active,Canada,
1709,50.5099983215332,-129.029998779297,Canada - Winter Harbour,active,,
2410,19.2950592041016,-81.3834762573242,Cayman Islands - George Town,active,Cayman Islands,
1875,-26.3566665649414,-70.646110534668,Cha�aral_CL,active,Chile,
2366,-41.8674011230469,-73.8330535888672,Chile - Ancud,active,Chile,
1633,-41.8669128417969,-73.8316802978516,Chile - Ancud_Chile,active,,
1820,-62.4788017272949,-59.6643981933594,Chile - Antarctica Base Prat,active,Chile ,
2478,-62.4792709350586,-59.662899017334,Chile - Antarctica Base Prat 3,active,Chile,
1634,-23.653133392334,-70.4044418334961,Chile - Antofagasta_CL,active,,
1637,-18.4757995605469,-70.3232269287109,Chile - Arica_CL,active,,
2413,-52.6481895446777,-70.2091827392578,Chile - Bahia Gregorio_CL,active,Chile,
1714,-40.5807991027832,-73.7371978759766,Chile - Bahia Mansa_CL,active,,
2372,-40.5811004638672,-73.7370223999023,Chile - Bahia Mansa_CL 2,active,Chile,
2376,-34.6393814086914,-72.0462265014648,Chile - Bucalemu_CL,active,Chile,
829,-27.0580005645752,-70.8339996337891,Chile - Caldera_CL ,active,,
2389,-52.9599990844727,-74.0660018920898,Chile - Caleta Meteoro_CL,active,Chile,
1719,-42.4805488586426,-73.7583312988281,Chile - Castro_CL,active,,
2398,-42.4808883666992,-73.7584609985352,Chile - Castro_CL 2,active,Chile,
1502,-35.3600006103516,-72.4599990844727,Chile - Constitucion ,active,,
2392,-35.3559188842773,-72.4580993652344,Chile - Constitucion_CL,active,Chile,
847,-29.9300003051758,-71.3499984741211,Chile - Coquimbo_CL ,active,,
2393,-29.9500694274902,-71.3352966308594,Chile - Coquimbo_CL 2,active,Chile,
2397,-37.0286102294922,-73.1517333984375,Chile - Coronel_CL,active,Chile,
849,-39.86669921875,-73.4332962036133,Chile - Corral_CL ,active,,
2396,-39.8866004943848,-73.4274826049805,Chile - Corral_CL 2,active,Chile,
865,-27.1529998779297,-109.447998046875,Chile - Easter_CL ,active,,
2402,-27.1548500061035,-109.439399719238,Chile - Easter_CL 2,active,Chile,
2418,-28.4608192443848,-71.2238311767578,Chile - Huasco_CL 2,active,Chile,
2419,-28.4608192443848,-71.2238311767578,Chile - Huasco_CL 3,active,Chile,
901,-20.2166996002197,-70.1699981689453,Chile - Iquique_CL ,active,,
2423,-20.2045803070068,-70.1478271484375,Chile - Iquique_CL 2,active,Chile,
904,-33.617000579834,-78.8249969482422,Chile - Juan_Fernandez ,active,,
2425,-33.6360206604004,-78.8298797607422,Chile - Juan_Fernandez 2,active,Chile,
1522,-37.5900001525879,-73.6600036621094,Chile - Lebu ,active,,
2433,-37.5942306518555,-73.6639785766602,Chile - Lebu 2,active,Chile,
1726,-23.0974998474121,-70.4508285522461,Chile - Mejillones_CL,active,,
2448,-23.0974998474121,-70.4508285522461,Chile - Mejillones_CL 2,active,Chile,
2463,-25.0089797973633,-70.4687271118164,Chile - Paposo_CL,active,Chile,
2464,-25.0089797973633,-70.4687271118164,Chile - Paposo_CL 2,active,Chile,
1730,-20.8002777099609,-70.1941680908203,Chile - Patache_CL,active,,
2466,-20.8032093048096,-70.1980285644531,Chile - Patache_CL 2,active,Chile,
2470,-32.1356086730957,-71.529296875,Chile - Pichidangui_CL 2,active,Chile,
2471,-32.1356086730957,-71.529296875,Chile - Pichidangui_CL 3,active,Chile,
1674,-19.5965995788574,-70.2136001586914,Chile - PISAGUA_CL,active,,
2472,-19.5968894958496,-70.2159805297852,Chile - Pisagua_CL 2,active,Chile,
1570,-45.4669990539551,-72.8170013427734,Chile - Puerto Chacabuco ,active,,
2469,-49.1372299194336,-74.4253768920898,Chile - Puerto Eden_CL,active,Chile,
1731,-43.8983306884766,-73.7483291625977,Chile - Puerto Melinka_CL,active,,
2474,-43.8984603881836,-73.7481994628906,Chile - Puerto Melinka_CL 2,active,Chile,
2467,-45.4670791625977,-72.8200531005859,Chile - Puerto_Chacabuco_CL,active,Chile,
1676,-41.4832992553711,-72.9665985107422,Chile - Puerto_Montt_CL,active,,
2475,-41.4847412109375,-72.9612426757813,Chile - Puerto_Montt_CL 2,active,Chile,
979,-54.9333000183105,-67.611198425293,Chile - Puerto_Williams_CL ,active,,
2489,-54.9332008361816,-67.6105728149414,Chile - Puerto_Williams_CL 2,active,Chile,
1733,-53.1236114501953,-70.8602752685547,Chile - Punta Arenas_CL,active,,
2482,-53.1237297058105,-70.8619766235352,Chile - Punta Arenas_CL 2,active,Chile,
2494,-39.3976593017578,-73.2149276733398,Chile - Queule_CL,active,Chile,
2495,-39.3976593017578,-73.2149276733398,Chile - Queule_CL 2,active,Chile,
2491,-32.7755508422852,-71.5252838134766,Chile - Quintero_CL 2,active,Chile,
2492,-32.7755508422852,-71.5252838134766,Chile - Quintero_CL 3,active,Chile,
2496,-36.6361389160156,-73.057258605957,Chile - Quiriquina_CL,active,Chile,
2497,-36.6361389160156,-73.057258605957,Chile - Quiriquina_CL 2,active,Chile,
993,-33.5833015441895,-71.63330078125,Chile - San_Antonio_CL ,active,,
2502,-33.5816307067871,-71.6181869506836,Chile - San_Antonio_CL 2,active,Chile,
991,-26.257999420166,-80.1240005493164,Chile - San_Felix_CL ,active,,
1017,-36.6833000183105,-73.0999984741211,Chile - Talcahuano_CL ,active,,
2518,-36.6953811645508,-73.1062393188477,Chile - Talcahuano_CL 2,active,Chile,
2519,-25.408109664917,-70.4916763305664,Chile - Taltal_CL 2,active,Chile,
2520,-25.408109664917,-70.4916763305664,Chile - Taltal_CL 3,active,Chile,
2523,-22.0937595367432,-70.2116470336914,Chile - Tocopilla_CL 2,active,Chile,
2524,-22.0937595367432,-70.2116470336914,Chile - Tocopilla_CL 3,active,Chile,
1026,-33.0330009460449,-71.6169967651367,Chile - Valparaiso_CL ,active,,
2529,-33.0273094177246,-71.6259384155273,Chile - Valparaiso_CL 2,active,Chile,
2508,-33.0276908874512,-71.6354064941406,Chile - Valparaiso2,active,Chile,
2456,9.5,112.5,China - Nansha,active,China,
2490,19.5699996948242,110.819999694824,China - Qinglan,active,China,
2507,22.4699993133545,113.879997253418,China - Shenzhen,active,China,
2536,16.8299999237061,112.330001831055,China - Xisha,active,China,
2538,21.5799999237061,111.819999694824,China - Zhapo,active,China,
1896,-37.0289573669434,-73.1517791748047,CL - Coronel_CL,active,Chile,
1883,-49.1319999694824,-74.4218978881836,CL -Puerto Eden_CL,active,Chile,
1496,3.89100003242493,-77.0810012817383,Colombia - Buenaventura ,active,,
2378,3.89059996604919,-77.0808029174805,Colombia - Buenaventura 1,active,Colombia,
2379,3.89059996604919,-77.0808029174805,Colombia - Buenaventura 2,active,Colombia,
2384,10.3914003372192,-75.5369033813477,Colombia - Cartagena,active,Colombia,
1725,4.00239992141724,-81.6042022705078,Colombia - Malpelo,active,,
2446,4.00239992141724,-81.9041976928711,Colombia - Malpelo 2,active,Colombia,
2525,1.82000005245209,-78.7286987304688,Colombia - Tumaco,active,Colombia,
1590,1.82000005245209,-78.7289962768555,Colombia - Tumaco ,active,,
2526,1.82000005245209,-78.7286987304688,Colombia - Tumaco 2,active,Colombia,
1602,-11.7034997940063,43.2480926513672,Comores - Comores,active,,
1678,-4.78332996368408,11.8333301544189,Congo (Brazzaville) - Pointe Noire,active,,
1687,-21.2049007415771,-159.785202026367,Cook Islands - Avatiu Rarotonga harbour wharf,active,,
1671,-9.00100040435791,-158.050994873047,Cook Islands - Penrhyn_CK,active,,
981,-21.2000007629395,-159.783004760742,Cook Islands - Rarotonga_CK ,active,,
1456,10,-83.0329971313477,Costa Rica - Limon ,active,,
2438,9.64998340606689,-84.6663589477539,Costa Rica - Los Sue�os,active,Costa Rica,
2461,10.6420297622681,-85.6559982299805,Costa Rica - Papagayo Marina,active,Costa Rica,
1467,9.39999961853027,-84.1669998168945,Costa Rica - Quepos ,active,,
2377,12.1873302459717,-69.0196228027344,Cura�ao - Bullen Bay,active,Cura�ao,
1612,12.1042642593384,-68.9415588378906,Cura�ao - Willemstad,active,,
2431,34.9161796569824,33.6408195495605,Cyprus - Larnaca,active,Cyprus,
1667,34.755126953125,32.4088172912598,Cyprus - Paphos,active,,
2465,35.0382881164551,34.0368804931641,Cyprus - Paralimni,active,Cyprus,
1745,34.7270812988281,33.3383750915527,Cyprus - Zygi,active,,
894,57.5999984741211,9.97000026702881,Denmark - Hirtshals ,active,,
1692,70.4838027954102,-21.9619998931885,Denmark - Ittoqqortoormiit_ Scoresbysund,active,,
2460,64.1713027954102,-51.719841003418,Denmark - Nuuk harbor,active,Denmark,
1685,60.717601776123,-46.0349998474121,Denmark - Qaqortoq_ Julianehab,active,,
1700,76.5434036254883,-68.8626022338867,Denmark - Thule_ Pituffik,active,,
861,11.6000003814697,43.1665992736816,Djibouti - Djibouti ,active,,
1735,15.3000001907349,-61.4000015258789,Dominica island - Roseau,active,,
1576,19.798999786377,-70.7020034790039,Dominican Republic - Puerto Plata ,active,,
1575,18.5049991607666,-68.3759994506836,Dominican Republic - Punta Cana ,active,,
1473,18.4209995269775,-69.6289978027344,Dominican Republic - Santo Domingo/p.San Andres ,active,,
1900,-66.6519470214844,140.001663208008,Dumont d'Urville,active,Antarctica,
1877,51.0480918884277,2.3666980266571,Dunkerque,active,France,
817,-0.43299999833107,-90.2829971313477,Ecuador - Baltra Galapagos_EC,active,,
921,-2.20900011062622,-80.9020004272461,Ecuador - La_Libertad_EC ,active,,
994,-0.751999974250793,-90.306999206543,Ecuador - SantaCruz Galapagos,active,,
1440,31.2110004425049,29.923999786377,Egypt - Alexandria ,active,,
1597,13.5737924575806,-89.8381271362305,El Salvador - Acajutla_SV,active,,
1605,13.3093004226685,-87.8180999755859,El Salvador - La_Union_SV,active,,
927,-17.6049003601074,177.438293457031,Fiji Islands - Lautoka_FJ ,active,,
1030,-18.1341991424561,178.423599243164,Fiji Islands - Suva_Viti_Levu_FJ ,active,,
1812,14.6016674041748,-61.0633316040039,Fort-de-France_ Martinique,active,France,
1438,41.9199981689453,8.76000022888184,France - Ajaccio ,active,,
1599,41.9199981689453,8.76000022888184,France - Ajaccio2,active,,
1443,44.6650009155273,-1.16400003433228,France - Arcachon Eyrac ,active,,
1643,43.5273017883301,-1.51482999324799,France - Boucau-Bayonne,active,,
2374,43.5273017883301,-1.51482999324799,France - Boucau-Bayonne 2,active,France,
1495,50.7270011901855,1.57700002193451,France - Boulogne-Sur-Mer ,active,,
2375,50.7275009155273,1.57746005058289,France - Boulogne-Sur-Mer 2,active,France,
1284,48.3800010681152,-4.5,France - Brest,active,,
1444,50.9690017700195,1.86800003051758,France - Calais ,active,,
2380,50.9693984985352,1.86772000789642,France - Calais 2,active,France,
1500,42.9669990539551,9.35000038146973,France - Centuri ,active,,
1601,42.9669036865234,9.35014629364014,France - Centuri2,active,,
1289,49.6500015258789,-1.62999999523163,France - Cherbourg,active,,
2387,49.6500015258789,-1.62999999523163,France - Cherbourg 2,active,France,
1445,47.8740005493164,-3.90700006484985,France - Concarneau ,active,,
2391,47.8736991882324,-3.90738010406494,France - Concarneau 2,active,France,
1296,49.9300003051758,1.08500003814697,France - Dieppe,active,,
2399,49.9300003051758,1.08500003814697,France - Dieppe 2,active,France,
2400,51.0480918884277,2.3666980266571,France - Dunkerque 2,active,France,
1297,-12.7829999923706,45.257999420166,France - Dzaoudzi (Mayotte) FTP,active,,
1298,-12.7829999923706,45.257999420166,France - Dzaoudzi(Mayotte) GTS,active,,
1506,43.4049987792969,4.89300012588501,France - Fos-sur-Mer ,active,,
1649,-20.6928329467773,164.942169189453,France - Hienghene (New Caledonia),active,,
1513,-16.7220001220703,-151.031997680664,France - Huahine island (Society Islands_ French Polynesia) ,active,,
1651,46.0074005126953,-1.1742399930954,France - Ile d'Aix,active,,
1736,42.635555267334,8.93805599212646,France - Ile Rousse,active,,
1737,42.635555267334,8.93805599212646,France - Ile Rousse2,active,,
2421,5.28444385528564,-52.5869407653809,France - Ile Royale_ Kourou_ French Guiana,active,France,
2422,5.28444385528564,-52.5869407653809,France - Ile Royale_ Kourou_ French Guiana 2,active,France,
912,-49.3450012207031,70.2200012207031,France - Kerguelen ,active,,
1505,16.30299949646,-61.0719985961914,France - La Desirade Island_ Guadeloupe ,active,,
1721,43.4835319519043,6.93376684188843,France - La Figueirette,active,,
1722,43.4835319519043,6.93376684188843,France - La Figueirette2,active,,
1520,46.1580009460449,-1.22099995613098,France - La Rochelle-Pallice ,active,,
2432,46.1585006713867,-1.22064995765686,France - La Rochelle-Pallice 2,active,France,
1659,48.3600006103516,-4.78000020980835,France - Le Conquet,active,,
2434,48.3600006103516,-4.78000020980835,France - Le Conquet 2,active,France,
1523,47.5429992675781,-2.89499998092651,France - Le Crouesty ,active,,
1328,49.4819984436035,0.105999998748302,France - Le Havre,active,,
2435,49.4818992614746,0.105990000069141,France - Le Havre 2,active,France,
1524,46.4980010986328,-1.7940000295639,France - Les Sables d'Olonne ,active,,
2437,46.497501373291,-1.79373002052307,France - Les Sables d'Olonne 2,active,France,
2415,47.0260009765625,-2.29900002479553,France - L'Herbaudi�re,active,France,
2416,47.0249481201172,-2.29889011383057,France - L'Herbaudi�re 2,active,France,
1724,-20.9184722900391,167.278701782227,France - Lifou,active,,
1337,43.2910003662109,5.35599994659424,France - Marseille,active,,
2534,-13.1704797744751,-176.100692749023,France - Mata-Utu (Wallis island),active,France,
2449,44.2107009887695,-1.29509997367859,France - Mimizan,active,France,
2450,44.2107009887695,-1.29509997367859,France - Mimizan 2,active,France,
1357,43.6949996948242,7.28499984741211,France - Nice,active,,
1608,43.6949996948242,7.28499984741211,France - Nice2,active,,
1536,-22.2469997406006,166.412002563477,France - Noum�a - Numbo (New Caledonia) ,active,,
953,-8.92189979553223,-140.095306396484,France - Nuku_Hiva Marquesas,active,,
1666,-17.5330924987793,-149.572677612305,France - Papeete (Tahiti_ French Polynesia),active,,
1688,-20.9200000762939,55.2799987792969,France - Pointe des Galets (Reunion Island) FTP,active,,
1578,-20.9200000762939,55.2799987792969,France - Pointe des Galets (Reunion Island) GTS ,active,,
1821,43.3591690063477,6.71750020980835,France - Port Ferr�ol 2,active,France ,
1573,45.5690002441406,-1.06200003623962,France - Port-Bloc ,active,,
2483,43.0092010498047,3.03719997406006,France - Port-La-Nouvelle,active,France,
1704,47.643913269043,-3.44705700874329,France - Port-Tudy (Groix island),active,,
1683,42.5200996398926,3.10733008384705,France - Port-Vendres,active,,
1684,42.5200996398926,3.10733008384705,France - Port-Vendres2,active,,
1468,-14.9460000991821,-147.705993652344,France - Rangiroa Atoll (Tuamotu_ French Polynesia) ,active,,
1801,-23.1177730560303,-134.968887329102,France - Rikitea (French Polynesia_ Gambier),active,France ,
1471,48.7159996032715,-3.96600008010864,France - Roscoff ,active,,
2498,48.7159996032715,-3.96600008010864,France - Roscoff 2,active,France,
2510,-20.8927803039551,55.5369491577148,France - Sainte Marie (Reunion island) 2,active,France,
1475,48.6419982910156,-2.02800011634827,France - Saint-Malo ,active,,
2514,48.6416015625,-2.02800011634827,France - Saint-Malo 2,active,France,
1580,47.2599983215332,-2.20000004768372,France - Saint-Nazaire ,active,,
2504,43.3975982666016,3.69911003112793,France - Sete,active,France,
1741,43.3975982666016,3.69911003112793,France - S�te,active,,
1739,43.3951988220215,-1.68162000179291,France - Socoa,active,,
1694,43.3951988220215,-1.68162000179291,France - Socoa,active,,
1740,43.3951988220215,-1.68162000179291,France - Socoa2,active,,
1584,41.8359985351563,9.37399959564209,France - Solenzara ,active,,
1610,41.8358001708984,9.37380027770996,France - Solenzara2,active,,
1702,43.1228981018066,5.91472005844116,France - Toulon,active,,
1611,43.1228981018066,5.91472005844116,France - Toulon2,active,,
1482,-23.3419990539551,-149.475997924805,France - Tubua� Austral Islands ,active,,
1705,-17.8059234619141,-149.295303344727,France - Vairao (Tahiti Island - French Polynesia),active,,
2053,53.5559997558594,6.7480001449585,Germany - Borkum 2,active,,
1494,53.556999206543,6.74900007247925,Germany - Borkum Fischerbalje ,active,,
853,53.8677787780762,8.71749973297119,Germany - Cuxhaven ,active,,
1511,54.1759986877441,7.89099979400635,Germany - Helgoland Binnenhafen ,active,,
1512,54.757999420166,8.29699993133545,Germany - H�rnum ,active,,
1517,54.5,10.2749996185303,Germany - LT Kiel ,active,,
1582,54.5110015869141,13.6429996490479,Germany - Sassnitz ,active,,
1708,54.1697235107422,12.1033334732056,Germany - Warnem�nde,active,,
1697,4.8846001625061,-1.74500000476837,Ghana - Takoradi,active,,
1903,34.8479843139648,24.1197776794434,GR -Gavdos,active,Greece,
1451,37.0219993591309,22.1100006103516,Greece - Kalamata ,active,,
1516,35.5139999389648,23.636999130249,Greece - Kasteli ,active,,
1452,37.6399993896484,21.3190002441406,Greece - Katakolo ,active,,
1463,37.935001373291,23.621000289917,Greece - Peiraias ,active,,
1477,37.4379997253418,24.9409999847412,Greece - Syros ,active,,
1732,12.0500001907349,-61.7332992553711,Grenada - Prickly Bay_ Grenada,active,,
2479,15.6946201324463,-88.6220169067383,Guatemala - Puerto Barrios,active,Guatemala,
1793,19.7593021392822,-72.1933746337891,Ha�ti - Cap-Ha�tien,active,Ha�ti ,
2424,18.2309608459473,-72.5353927612305,Ha�ti - Jacmel,active,Ha�ti,
2484,18.5344696044922,-72.3800430297852,Ha�ti - Port au Prince,active,Ha�ti,
2442,21.3199996948242,-157.690002441406,Hawaii; U.S.A. - Makai Pier_ Waimanalo_ Hawaii,active,Hawaii; U.S.A.,
2386,15.789999961853,-86.7600021362305,Honduras - La Ceiba Cabotaje Harbor,active,Honduras,
2468,15.8433399200439,-87.9587020874023,Honduras - Puerto Cortes,active,Honduras,
2499,16.3455200195313,-86.5403671264648,Honduras - Roatan Island Punta Gorda Harbor,active,Honduras,
2522,15.7841396331787,-87.4531402587891,Honduras - Tela Harbor,active,Honduras,
2493,22.291109085083,114.213302612305,Hong Kong - China - Quarry Bay,active,Hong Kong - China,
982,64.1500015258789,-21.9333305358887,Iceland - Reykjavik ,active,,
1716,13.1000003814697,80.3000030517578,India - Chennai,active,,
1717,9.96000003814697,76.2600021362305,India - Cochin,active,,
1727,8.27999973297119,73.0500030517578,India - Minicoy,active,,
1728,8.05000019073486,93.5500030517578,India - Nancowry,active,,
1734,11.6800003051758,92.7600021362305,India - Port Blair,active,,
1743,17.6800003051758,83.2799987792969,India - Visakhapatnam,active,,
1271,-3.68300008773804,128.182998657227,Indonesia - Ambon,active,,
822,-8.76659965515137,115.216598510742,Indonesia - Benoa ,active,,
1281,1.45000004768372,125.199996948242,Indonesia - Bitung,active,,
1292,-7.75,109,Indonesia - Cilacap2,active,,
840,-7.75,109,Indonesia - Cilicap ,active,,
868,-5.34609985351563,102.278099060059,Indonesia - Enggano ,active,,
2427,-6.10666990280151,106.890800476074,Indonesia - Kolinamil_ Jakarta Port,active,Indonesia,
1329,-8.73099994659424,116.071998596191,Indonesia - Lembar,active,,
1340,4.31699991226196,96.2170028686523,Indonesia - Meulaboh,active,,
957,-0.949999988079071,100.36669921875,Indonesia - Padang ,active,,
1367,-0.949999988079071,100.366996765137,Indonesia - Padang2,active,,
1462,-7.7480001449585,108.500999450684,Indonesia - Pangandaran ,active,,
975,-8.28330039978027,111.733299255371,Indonesia - Prigi ,active,,
1379,-8.28299999237061,111.733001708984,Indonesia - Prigi2,active,,
1690,-10.7080001831055,123.059700012207,Indonesia - Rote,active,,
986,5.83330011367798,95.3332977294922,Indonesia - Sabang ,active,,
1738,5.83330011367798,95.3332977294922,Indonesia - Sabang2,active,,
987,-8.19019412994385,110.797981262207,Indonesia - Sadeng ,active,,
1397,-7.98299980163574,131.291000366211,Indonesia - Saumlaki,active,,
998,-3.22416710853577,101.599403381348,Indonesia - Seblat ,active,,
1001,1.73329997062683,98.8000030517578,Indonesia - Sibolga ,active,,
1693,1.73329997062683,98.8000030517578,Indonesia - Sibolga,active,,
2515,-7.19996881484985,112.740600585938,Indonesia - Surabaya,active,Indonesia,
1480,-0.529999971389771,98.5,Indonesia - Tanabalah ,active,,
1020,-6.48294162750244,105.663352966309,Indonesia - Tanjung Lesung ,active,,
1018,0.554000020027161,97.8219985961914,Indonesia - Telukdalam ,active,,
1032,-9.38980007171631,119.218788146973,Indonesia - Waikelo ,active,,
835,25.2957992553711,60.6030006408691,Iran - Chabahar ,active,,
1450,25.6299991607666,57.7700004577637,Iran - Jask ,active,,
816,54.2529983520508,-9.89000034332275,Ireland - Ballyglass pier  Belmullet,active,,
832,51.649600982666,-9.90340042114258,Ireland - Castletownbere ,active,,
913,53.3116683959961,-5.92166996002197,Ireland - Kish Bank Lighthouse ,active,,
934,55.3716812133789,-7.33432006835938,Ireland - Malin Head Peninsular ,active,,
2569,54.2529983520508,-9.89000034332275,Ireland - New Ballyglass pier  Belmullet,active,,
2367,31.6349296569824,34.4937591552734,Israel - Ashkelon,active,Israel,
2403,29.5018100738525,34.9177398681641,Israel - Elat,active,Israel,
1510,32.4710006713867,34.8629989624023,Israel - Hadera ,active,,
1498,39.2099990844727,9.11400032043457,Italy - Cagliari ,active,,
834,39.0836982727051,8.18290042877197,Italy - Carloforte ,active,,
1503,37.4980010986328,15.0939998626709,Italy - Catania ,active,,
1508,44.4099998474121,8.92500019073486,Italy - Genova ,active,,
1509,38.7840003967285,15.1929998397827,Italy - Ginostra (Isola di Stromboli) ,active,,
899,43.5237007141113,8.01089954376221,Italy - Imperia ,active,,
2360,43.5237007141113,8.01089954376221,Italy - Imperia 2,active,,
1519,44.0970001220703,9.85799980163574,Italy - La Spezia ,active,,
1518,35.5,12.6040000915527,Italy - Lampedusa ,active,,
1532,38.1959991455078,15.5629997253418,Italy - Messina ,active,,
943,40.5023002624512,14.1609001159668,Italy - Napoli ,active,,
956,40.1471481323242,18.4970893859863,Italy - Otranto ,active,,
1568,38.1209983825684,13.371000289917,Italy - Palermo ,active,,
1669,37.2902984619141,13.5243997573853,Italy - Porto empedocle,active,,
1574,40.8419990539551,8.4040002822876,Italy - Porto Torres ,active,,
1022,45.6493911743164,13.7579402923584,Italy - TRIESTE ,active,,
1483,45.4179992675781,12.4270000457764,Italy - Venice ,active,,
2485,17.9346103668213,-76.8455963134766,Jamaica - Port Royal,active,Jamaica,
1796,44.0200004577637,144.289993286133,Japan - Abashiri,active,Japan ,
1797,31.5799999237061,131.410003662109,Japan - Aburatsu,active,Japan ,
1799,27.0900001525879,142.190002441406,Japan - Chichijima,active,Japan ,
1800,40.6500015258789,139.929992675781,Japan - Fukaura,active,Japan ,
1802,41.7799987792969,140.720001220703,Japan - Hakodate,active,Japan ,
1803,34.9000015258789,132.070007324219,Japan - Hamada,active,Japan ,
890,43.2799987792969,145.570007324219,Japan - Hanasaki ,active,,
902,24.2000007629395,124.099998474121,Japan - Ishigakijima ,active,,
1815,33.4799995422363,135.770004272461,Japan - Kushimoto,active,Japan ,
1814,42.9799995422363,144.369995117188,Japan - Kushiro,active,Japan ,
1816,34.9199981689453,139.830001831055,Japan - Mera,active,Japan ,
1817,24.2900009155273,153.979995727539,Japan - Minami-Tori-Shima,active,Japan ,
1818,32.7400016784668,129.869995117188,Japan - Nagasaki,active,Japan ,
944,26.2199993133545,127.669998168945,Japan - Naha ,active,,
1819,37.5,137.160003662109,Japan - Noto,active,Japan ,
954,39,141.75,Japan - Ofunato ,active,,
955,34.5999984741211,138.229995727539,Japan - Omaezaki ,active,,
1822,38.3199996948242,138.520004272461,Japan - Sado,active,Japan ,
1823,36.2000007629395,133.330001831055,Japan - Saigo,active,Japan ,
1021,32.7799987792969,132.970001220703,Japan - Tosashimizu ,active,,
1825,36.7599983215332,137.110000610352,Japan - Toyama,active,Japan ,
1826,45.4099998474121,141.690002441406,Japan - Wakkanai,active,Japan ,
923,-2.26670002937317,40.9000015258789,Kenya - Lamu ,active,,
940,-4.06669998168945,39.3899993896484,Kenya - Mombasa ,active,,
1879,-49.3525009155273,70.0217971801758,Kerguelen Island,active,France,
1432,1.98399996757507,-157.473007202148,Kiribati - Christmas,active,,
1655,-2.80100011825562,-171.718002319336,Kiribati - Kanton_KI,active,,
1410,1.36300003528595,172.929992675781,Kiribati - Tarawa,active,,
1497,35.0929985046387,129.037002563477,Korea - Busan ,active,,
1878,-14.2960233688354,-178.160232543945,Leava (Futuna Island_ Wallis & Futuna),active,France,
1880,60.1553153991699,-1.14519202709198,Lerwick2,active,UK,
1588,-18.1599998474121,49.4269981384277,Madagascar - Toamasina ,active,,
924,6.41599988937378,99.7667007446289,Malaysia - Langkawi ,active,,
882,0.686699986457825,73.1517028808594,Maldive Islands - Gan ,active,,
891,6.76669979095459,73.1667022705078,Maldive Islands - Hanimadhoo ,active,,
933,4.19000005722046,73.5267028808594,Maldive Islands - Male ,active,,
1682,35.9211120605469,14.4941673278809,Malta - Portomaso,active,,
1806,-21.5478000640869,167.877105712891,Mar� (New Caledonia_ Loyalty Islands),active,France,
1338,7.10599994659424,171.373001098633,Marshall Islands - Majuro,active,,
1795,14.6016674041748,-61.0633316040039,Martinique - Fort-de-France,active,Martinique ,
1881,-17.0009002685547,-72.1088027954102,Matarani,active,Per�,
951,18.1000003814697,-15.9499998092651,Mauritania - Nouakchott ,active,,
1268,-10.3459997177124,56.5859985351563,Mauritius - Agalega,active,,
1283,-20.4440002441406,57.7109985351563,Mauritius - Blue Bay,active,,
978,-20.1571598052979,57.5042991638184,Mauritius - Pt.Louis ,active,,
984,-19.6802406311035,63.4211883544922,Mauritius - Rodrigues ,active,,
1493,16.8379993438721,-99.9029998779297,Mexico - Acapulco Club de Yates ,active,,
1624,16.8332996368408,-99.9166030883789,Mexico - Acapulco_MX,active,,
828,22.8786106109619,-109.900001525879,Mexico - Cabo_San_Lucas_MX ,active,,
1501,20.8649997711182,-90.4049987792969,Mexico - Celestun_ Yuc. ,active,,
1499,18.617000579834,-91.8170013427734,Mexico - Ciudad del Carmen_ Camp. ,active,,
2405,31.8483600616455,-116.618103027344,Mexico - Ensenada Test 0.1666/0.1666,active,Mexico,
2404,31.8483600616455,-116.618103027344,Mexico - Ensenada Test 5/1,active,Mexico,
1507,18.1499996185303,-94.2699966430664,Mexico - Frontera ,active,,
2420,15.7500600814819,-96.1168899536133,Mexico - Huatulco,active,Mexico,
1514,21.2169990539551,-86.7170028686523,Mexico - Isla Mujeres_ Q. R. ,active,,
1526,24.1499996185303,-110.300003051758,Mexico - La Paz ,active,,
1521,17.9400005340576,-102.178001403809,Mexico - Lazaro Cardenas ,active,,
936,19.0620002746582,-104.251998901367,Mexico - Manzanillo_MX ,active,,
1531,23.1809997558594,-106.424003601074,Mexico - Mazatlan ,active,,
2481,15.6666698455811,-96.4916687011719,Mexico - Puerto Angel,active,Mexico,
1528,14.7119998931885,-92.4010009765625,Mexico - Puerto Madero_ Chis. ,active,,
2488,20.8681297302246,-86.8668365478516,Mexico - Puerto Morelos 2,active,Mexico,
1577,21.367000579834,-86.75,Mexico - Puerto Morelos_ Q. R. ,active,,
1581,16.1679992675781,-95.1969985961914,Mexico - Salina Cruz_ Oax. ,active,,
2500,16.1684398651123,-95.1968383789063,Mexico - Salina Cruz_ Oax. 2,active,Mexico,
1591,20.9699993133545,-97.4000015258789,Mexico - Tuxpan ,active,,
1592,19.1919994354248,-96.1240005493164,Mexico - Veracruz_ Ver. ,active,,
2539,17.6366691589355,-101.558296203613,Mexico - Zihuatanejo_ Gro,active,Mexico,
859,6.98059988021851,158.200103759766,Micronesia - Dekehtik Pohnpei_FM,active,,
2426,1.07795798778534,154.806701660156,Micronesia - Kapingamarangi_FM,active,Micronesia,
1711,9.51420021057129,138.124603271484,Micronesia - Yap Island,active,,
900,-23.9166603088379,35.5,Mo�ambique - Inhambane ,active,,
1670,-12.9659996032715,40.4832992553711,Mo�ambique - Pemba,active,,
1607,43.7286682128906,7.42157983779907,Monaco - Monaco_ Fontvieille harbour,active,,
2451,43.7286682128906,7.42157983779907,Monaco - Monaco2_ Fontvieille harbour,active,Monaco,
942,16.4832992553711,97.6166000366211,Myanmar - Moulmein ,active,,
1824,20.1499996185303,92.9000015258789,Myanmar - Sittwe,active,Myanmar ,
1744,-22.9491996765137,14.4986000061035,Namibia - Walvis Bay,active,,
1729,-21.9828777313232,166.68327331543,New Caledonia - Ouinne,active,,
2368,-36.8314018249512,174.786499023438,New Zealand - Auckland_NZ,active,New Zealand,
1446,-40.898998260498,176.231994628906,New Zealand - Castlepoint ,active,,
1290,-44.0250015258789,-176.369003295898,New Zealand - Chatham Island,active,,
1586,-43.5699996948242,172.772994995117,New Zealand - Christchurch ,active,,
1567,-45.8139991760254,170.628997802734,New Zealand - Dunedin ,active,,
1334,-37.5499992370605,178.158996582031,New Zealand - East Cape,active,,
885,-38.6754112243652,178.022872924805,New Zealand - Gisborne ,active,,
2409,-36.1889991760254,175.488906860352,New Zealand - Great_Barrier_Is,active,New Zealand,
1653,-43.9733009338379,168.616104125977,New Zealand - Jackson Bay,active,,
1515,-42.4129981994629,173.703002929688,New Zealand - Kaikoura ,active,,
1533,-37.0470008850098,174.511993408203,New Zealand - Manakau ,active,,
945,-39.4756622314453,176.920059204102,New Zealand - Napier ,active,,
2457,-34.4099998474121,173.050003051758,New Zealand - North_Cape,active,New Zealand,
1699,-37.6410903930664,176.181182861328,New Zealand - Port of Tauranga,active,,
1466,-46.0849990844727,166.589004516602,New Zealand - Puysegur Welcome Bay ,active,,
1469,-29.2800006866455,-177.893997192383,New Zealand - Raoul Island Boat Cove ,active,,
1470,-29.2509994506836,-177.904006958008,New Zealand - Raoul Island Fishing Rock ,active,,
1033,-43.94580078125,-176.560806274414,New Zealand - Waitangi Chatham_NZ,active,,
1710,-41.2846221923828,174.779098510742,New Zealand - Wellington,active,,
1882,50.1030006408691,-5.54274988174438,Newlyn2,active,UK,
2390,12.3272199630737,-83.0677795410156,Nicaragua - Corn Island,active,Nicaragua,
2395,12.4833297729492,-87.1675033569336,Nicaragua - Puerto Corinto,active,Nicaragua,
2509,11.2511100769043,-85.875,Nicaragua - Puerto San Juan del Sur,active,Nicaragua,
2480,12.2011098861694,-86.7644424438477,Nicaragua - Puerto Sandino,active,Nicaragua,
1662,-19.0524997711182,-169.921401977539,Niue - Niue,active,,
1272,69.3170013427734,16.1499996185303,Norway - Andenes,active,,
1650,70.9833297729492,25.9833335876465,Norway - Honningsv�g,active,,
1336,61.9329986572266,5.11700010299683,Norway - M�l�y,active,,
1664,78.9333343505859,11.9499998092651,Norway - Ny �lesund,active,,
1689,64.8666687011719,11.25,Norway - R�rvik,active,,
1703,58,7.56666707992554,Norway - Tregde,active,,
1707,70.3333358764648,31.1000003814697,Norway - Vard�,active,,
2401,19.6599998474121,57.7200012207031,Oman - Duqm,active,Oman,
2535,23.8199996948242,57.5200004577637,Oman - Khawr Wudam,active,Oman,
2441,24.5179996490479,56.6059989929199,Oman - Majis,active,Oman,
937,20.6833000183105,58.86669921875,Oman - Masirah ,active,,
1460,23.632999420166,58.5670013427734,Oman - Muscat ,active,,
1459,23.6280002593994,58.564998626709,Oman - Muscat (BGAN) ,active,,
989,16.9349994659424,54.0066986083984,Oman - Salalah ,active,,
2516,22.5699996948242,59.5200004577637,Oman - Sur,active,Oman,
2032,51.2330551147461,2.92055559158325,Ostende,active,,Belgium
1603,25.132999420166,62.0330009460449,Pakistan - Gwadar,active,,
908,24.8500003814697,67.0299987792969,Pakistan - Karachi ,active,,
1665,25.2000007629395,64.0670013427734,Pakistan - Ormara,active,,
932,7.32819986343384,134.4501953125,Palau Islands - Malakal ,active,,
2371,9.35092067718506,-82.2577133178711,Panam� - Bocas Del Toro,active,Panam�,
929,-2.04209995269775,147.37370300293,Papua New Guinea - Lombrum_Manus_Is_PG ,active,,
815,-16.2311000823975,-73.6943969726563,Per� - Atico_PE ,active,,
830,-12.0710000991821,-77.1740036010742,Per� - Callao La-Punta_PE,active,,
2517,-4.57779979705811,-81.2798461914063,Per� - Talara,active,Per�,
1447,18.0170001983643,120.483001708984,Philippines - Currimao ,active,,
2046,18.0170001983643,120.483001708984,Philippines - Currimao_Prs,active,,
857,7.08333015441895,125.63330078125,Philippines - Davao_PH ,active,,
2045,7.08333015441895,125.63330078125,Philippines - Davao_PH_rad,active,,
2047,7.03000020980835,125.63330078125,Philippines - Davao_TEST_1,active,,
2048,7.03999996185303,125.63330078125,Philippines - Davao_TEST_2,active,,
2049,7.05000019073486,125.63330078125,Philippines - DavaoTEST3,active,,
1327,13.16100025177,123.758003234863,Philippines - Legaspi,active,,
1527,13.8179998397827,120.202003479004,Philippines - Lubang ,active,,
935,14.5832996368408,120.966697692871,Philippines - Manila ,active,,
1013,14.8166999816895,120.283302307129,Philippines - Subic_Bay ,active,,
1827,16.2243976593018,-61.5314521789551,Pointe � Pitre_ Guadeloupe,active,France,
1828,16.2243976593018,-61.5314521789551,Pointe � Pitre_ Guadeloupe,active,France,
895,-9.80469989776611,-139.034393310547,Polyn�sie Fran�aise (French Polynesia) - Hiva_Oa Marquesas,active,,
2443,-16.6268997192383,-143.569107055664,Polyn�sie Fran�aise (French Polynesia) - Makemo - Tuamotu,active,Polyn�sie Fran�aise (French Polynesia),
2462,-17.5327892303467,-149.573806762695,Polyn�sie Fran�aise (French Polynesia) - Papeete - ZRN,active,Polyn�sie Fran�aise (French Polynesia),
983,-23.13330078125,-134.949996948242,Polyn�sie Fran�aise (French Polynesia) - Rikitea_PF ,active,,
1813,43.3591690063477,6.71750020980835,Port Ferr�ol,active,France,
831,38.6931571960449,-9,Portugal - Cascais ,active,,
1660,37.0988273620605,-8.66683769226074,Portugal - Lagos,active,,
1668,37.7299995422363,-25.6800003051758,Portugal - Ponta_Delgada_Azor,active,,
1273,18.4799995422363,-66.7020034790039,Puerto Rico - Arecibo,active,,
1442,18.4799995422363,-66.7020034790039,Puerto Rico - Arecibo (GTS) ,active,,
1302,18.3339996337891,-65.6309967041016,Puerto Rico - Fajardo,active,,
1339,18.2169990539551,-67.1589965820313,Puerto Rico - Mayaguez,active,,
2365,18.4583301544189,-67.1650009155273,Puerto Rico; U.S.A. - Aguadilla (Crash Boat),active,Puerto Rico; U.S.A.,
2382,17.8875007629395,-66.5308303833008,Puerto Rico; U.S.A. - Caja de Muertos,active,Puerto Rico; U.S.A.,
1652,18.1502780914307,-65.4349975585938,Puerto Rico; U.S.A. - Isabel Segunda,active,,
1672,17.9725303649902,-66.7618026733398,Puerto Rico; U.S.A. - Penuelas (Punta Guayanilla)_,active,,
1718,44.1599998474121,28.6000003814697,Romania - Constanta,active,,
2428,45.9000015258789,142.080001831055,Russia - Cape Kril'on,active,Russia,
1453,47.0509986877441,142.044006347656,Russia - Kholmsk ,active,,
1454,46.632999420166,142.766998291016,Russia - Korsakov ,active,,
2429,45.2299995422363,147.880004882813,Russia - Kuril'sk,active,Russia,
2445,43.8699989318848,146.820007324219,Russia - Malokuril?skoe,active,Russia,
2455,42.7799987792969,132.860000610352,Russia - Nahodka,active,Russia,
2458,46.6800003051758,141.860000610352,Russia - Nevel'sk,active,Russia,
2459,55.2000007629395,166.020004272461,Russia - Nikol'skoe,active,Russia,
1464,53.0169982910156,158.649993896484,Russia - Petropavlovsk ,active,,
2476,49.2200012207031,143.089996337891,Russia - Poronajsk,active,Russia,
2477,42.6500015258789,130.800003051758,Russia - Pos'et,active,Russia,
1465,42.9090003967285,133.921997070313,Russia - Preobrazheniye ,active,,
1472,44.3499984741211,135.800003051758,Russia - Rudnaya Pristan ,active,,
1474,50.6780014038086,156.139007568359,Russia - Severo Kurilsk (web) ,active,,
999,50.6780014038086,156.138793945313,Russia - Severo_Kurilsk_RU ,active,,
2511,46.5299987792969,138.330001831055,Russia - Sosunovo,active,Russia,
2512,48.9700012207031,140.289993286133,Russia - Sovetskaja Gavan',active,Russia,
2513,47.4099998474121,142.820007324219,Russia - Starodubskoe,active,Russia,
2527,49.0800018310547,142.070007324219,Russia - Uglegorsk,active,Russia,
2533,43.1300010681152,131.919998168945,Russia - Vladivostok,active,Russia,
1484,51.7270011901855,157.988998413086,Russia - Vodopadnaya ,active,,
2537,44.0400009155273,145.850006103516,Russia - Yuzhno-Kuril'sk,active,Russia,
1829,46.4712982177734,-56.1004981994629,Saint Pierre et Miquelon_ Canada,active,France,
2381,13.1299104690552,-61.195499420166,Saint Vincent & Grenadines - Calliaqua Coast Guard Base,active,Saint Vincent & Grenadines,
1884,-20.8927783966064,55.5369453430176,Sainte Marie (Reunion island),active,France,
1585,-15.9169998168945,-5.71700000762939,Saint-Helena - Saint Helena ,active,,
1569,-14.2770004272461,-170.690994262695,Samoa - Pago Pago ,active,,
1025,-13.8268003463745,-171.761306762695,Samoa; U.S.A. - Apia_Upolu_WS ,active,,
1930,12.5694885253906,-81.7014923095703,San Andres,active,Colombia,
1929,11.2351560592651,-74.2215728759766,Santa Marta,active,Colombia,
1807,-6.94789981842041,110.420120239258,Semarang,active,Indonesia,
855,14.6759996414185,-17.4200000762939,S�n�gal - Dakar ,active,,
1295,-3.79999995231628,55.6669998168945,Seychelles - Denis Island,active,,
925,-4.5,55.5,Seychelles - Pt.LaRue ,active,,
1698,1.26160001754761,103.851600646973,Singapore - Tanjong Pagar,active,,
1695,-9.42889976501465,159.955505371094,Solomon Islands - Honiara,active,,
1723,-10.7208003997803,165.801895141602,Solomon Islands - Lata_Wharf_SB,active,,
1742,-6.69280004501343,156.408599853516,Solomon Islands - Tarekukure_Wharf_SB,active,,
1720,-29.8833293914795,31.0333309173584,South-Africa - Durban,active,,
931,-46.86669921875,37.86669921875,South-Africa - Marion Island ,active,,
1680,-33.9666595458984,25.6333293914795,South-Africa - Port Elizabeth,active,,
1002,-34.1833305358887,18.4333305358887,South-Africa - Simonstown ,active,,
2394,43.3572692871094,-8.38938045501709,Spain - Acoruna,active,Spain,
1439,39.867000579834,3.11700010299683,Spain - Alcudia ,active,,
1441,36.1769981384277,-5.39799976348877,Spain - Algeciras ,active,,
1630,36.830020904541,-2.47834992408752,Spain - Almeria,active,,
1638,28.9715995788574,-13.5303001403809,Spain - Arrecife,active,,
819,41.3400001525879,2.16000008583069,Spain - Barcelona ,active,,
1280,43.3600006103516,-3.04999995231628,Spain - Bilbao3,active,,
2373,36.8022117614746,-6.33812999725342,Spain - Bonanza2,active,Spain,
2383,36.9743003845215,-1.89959001541138,Spain - Carboneras,active,Spain,
833,35.5400009155273,-5.19000005722046,Spain - Ceuta ,active,,
850,43.2099990844727,-8.22999954223633,Spain - Coru�a ,active,,
2417,27.7840805053711,-17.9016304016113,Spain - ElHierro,active,Spain,
873,43.4599990844727,-8.32999992370605,Spain - Ferrol1 ,active,,
2406,43.4761810302734,-8.24851036071777,Spain - Ferrol2,active,Spain,
2407,38.7346611022949,1.41902995109558,Spain - Formentera,active,Spain,
2408,28.4925098419189,-13.8582201004028,Spain - Fuerteventura,active,Spain,
1306,39,-0.150000005960464,Spain - Gandia,active,,
2411,43.5580291748047,-5.69834995269775,Spain - Gijon,active,Spain,
898,37.1300010681152,-6.82999992370605,Spain - Huelva5 ,active,,
1449,38.9169998168945,1.45000004768372,Spain - Ibiza2 ,active,,
918,28.0900001525879,-17.1100006103516,Spain - LaGomera ,active,,
2430,43.3465309143066,-8.53011989593506,Spain - Langosteira,active,Spain,
1657,28.6777782440186,-17.768611907959,Spain - LaPalma,active,,
1455,28.1410007476807,-15.4119997024536,Spain - LasPalmas2 ,active,,
2440,39.8930397033691,4.27055978775024,Spain - Mahon,active,Spain,
2444,36.711841583252,-4.41708993911743,Spain - Malaga,active,Spain,
2447,42.406120300293,-8.69108009338379,Spain - Marin,active,Spain,
938,35.2900009155273,-2.9300000667572,Spain - Melilla ,active,,
1345,36.7200012207031,-3.51999998092651,Spain - Motril2,active,,
1461,39.560001373291,2.63800001144409,Spain - PalmadeMallorca ,active,,
1675,28.1299991607666,-15.4099998474121,Spain - Puerto de la Luz,active,,
1691,39.6338882446289,-0.206110998988152,Spain - Sagunto,active,,
2501,43.4612998962402,-3.7907600402832,Spain - Santander,active,Spain,
2505,37.318489074707,-6.00771999359131,Spain - Sevilla,active,Spain,
1478,36.0060005187988,-5.60400009155273,Spain - Tarifa ,active,,
2521,41.078971862793,1.213250041008,Spain - Tarragona,active,Spain,
1479,28.4769992828369,-16.2409992218018,Spain - Tenerife2 ,active,,
1706,39.439998626709,-0.310000002384186,Spain - Valencia,active,,
2531,42.2431411743164,-8.72599983215332,Spain - Vigo,active,Spain,
2532,42.6007118225098,-8.77003002166748,Spain - Villagarcia,active,Spain,
845,6.94999980926514,79.8499984741211,Sri Lanka - Colombo ,active,,
846,6.94999980926514,79.8499984741211,Sri Lanka - Colombo ,active,,
1448,6.12400007247925,81.1269989013672,Sri Lanka - Hambantota ,active,,
915,6.19659996032715,81.3199996948242,Sri Lanka - Kirinda ,active,,
1023,8.56369972229004,81.1996002197266,Sri Lanka - Trinconmalee ,active,,
2370,17.2900295257568,-62.7097282409668,St. Kitts & Nevis - Basseterre (Coast Guard Base),active,St. Kitts & Nevis,
886,57.6829986572266,11.7829999923706,Sweden - GoteborgTorshamnen ,active,,
1005,58.3499984741211,11.2159996032715,Sweden - Smogen ,active,,
1011,59.3160018920898,18.0830001831055,Sweden - Stockholm ,active,,
1458,-10.2670001983643,40.2000007629395,Tanzania - Mtwara ,active,,
1038,-6.15000009536743,39.1833000183105,Tanzania - Zanzibar ,active,,
1936,21.3400001525879,-89.3083343505859,Telchac,active,Mexico,
914,7.81669998168945,98.4167022705078,Thailand - Ko Taphao Noi ,active,,
1663,-21.1380004882813,-175.181503295898,Tonga Island - Nuku'Alofa Harbour wharf,active,,
950,-21.1368007659912,-175.180694580078,Tonga Island - Nukualofa_TO ,active,,
2385,10.0940504074097,-61.865478515625,Trinidad & Tobago - Cedros Bay,active,Trinidad & Tobago,
2388,11.3166704177856,-60.5499992370605,Trinidad & Tobago - Charlotteville,active,Trinidad & Tobago,
2487,10.6499996185303,-61.516658782959,Trinidad & Tobago - Port of Spain,active,Trinidad & Tobago,
2503,11.1667003631592,-60.7332992553711,Trinidad & Tobago - Scarborough,active,Trinidad & Tobago,
1600,37.033332824707,27.4166679382324,Turkey - Bodrum,active,,
1606,40.966667175293,27.966667175293,Turkey - Marmara Ereglisi,active,,
1609,42.0166664123535,35.1500015258789,Turkey - Sinop,active,,
876,-8.5024995803833,179.195205688477,Tuvalu Islands - Fongafale_TV ,active,,
1891,57.1399993896484,-2.07999992370605,UK - Aberdeen,active,UK,
1639,-7.91665983200073,-14.4166603088379,UK - Ascension,active,,
1892,51.5,-2.73000001907349,UK - Avonmouth Portbury,active,UK,
1893,54.6599998474121,-5.67000007629395,UK - Bangor,active,UK,
1894,52.7200012207031,-4.05000019073486,UK - Barmouth,active,UK,
824,32.2200012207031,-64.6999969482422,UK - Bermuda_UK ,active,,
1895,50.7099990844727,-1.87000000476837,UK - Bournemouth,active,UK,
1897,52.9300003051758,1.29999995231628,UK - Cromer,active,UK,
1898,51.2237892150879,1.40926003456116,UK - Deal Pier,active,UK,
883,-7.23330020904541,72.4332962036133,UK - Diego Garcia ,active,,
1899,51.1100006103516,1.32000005245209,UK - Dover,active,UK,
1901,9.55827045440674,-78.9491806030273,UK - El Porvenir,active,Panam�,
1902,52.0099983215332,-4.98000001907349,UK - Fishguard,active,UK,
884,36.1300010681152,-5.34999990463257,UK - Gibraltar ,active,,
1308,36.1300010681152,-5.34999990463257,UK - Gibraltar(GTS),active,,
2412,-40.3494415283203,-9.88029956817627,UK - Gough Island,active,UK,
1904,51.9500007629395,1.28999996185303,UK - Harwich,active,UK,
1905,51.3821105957031,1.11521005630493,UK - Herne Bay,active,UK,
1906,54.0299987792969,-2.92000007629395,UK - Heysham,active,UK,
1907,51.2099990844727,-3.13000011444092,UK - Hinkley Point,active,UK,
896,53.3105049133301,-4.63379621505737,UK - Holyhead ,active,,
1908,53.310001373291,-4.61999988555908,UK - Holyhead2,active,UK,
1909,51.2099990844727,-4.1100001335144,UK - Ilfracombe,active,UK,
1910,53.6300010681152,-0.189999997615814,UK - Immingham,active,UK,
1911,49.1800003051758,-2.11999988555908,UK - Jersey,active,UK,
911,-54.2799987792969,-36.5,UK - King Edward Point ,active,,
1912,58.4599990844727,-5.05000019073486,UK - Kinlochbervie,active,UK,
1913,55.9900016784668,-3.1800000667572,UK - Leith,active,UK,
2436,60.1553192138672,-1.14519202709198,UK - Lerwick (tsunami),active,UK,
1914,53.4500007629395,-3.01999998092651,UK - Liverpool,active,UK,
1457,53.4500007629395,-3.01799988746643,UK - Liverpool ,active,,
1661,53.4496994018555,-3.01810002326965,UK - Liverpool Test,active,,
1915,53.3300018310547,-3.82999992370605,UK - Llandudno,active,UK,
1916,52.4700012207031,1.75,UK - Lowestoft,active,UK,
1917,50.7403106689453,-1.50707995891571,UK - Lymington,active,UK,
1918,51.7099990844727,-5.05000019073486,UK - Milford Haven,active,UK,
1919,55.75,-4.90999984741211,UK - Millport,active,UK,
1920,51.5699996948242,-3.98000001907349,UK - Mumbles,active,UK,
1921,50.7799987792969,0.0599999986588955,UK - Newhaven,active,UK,
948,50.1030006408691,-5.54274988174438,UK - Newlyn ,active,,
1922,51.5499992370605,-2.99000000953674,UK - Newport,active,UK,
1923,55.0099983215332,-1.44000005722046,UK - North Shields,active,UK,
1924,50.3699989318848,-4.19000005722046,UK - Plymouth,active,UK,
1927,50.5941696166992,-4.83441019058228,UK - Port Isaac,active,UK,
1925,54.8400001525879,-5.11999988555908,UK - Portpatrick,active,UK,
1926,55.2099990844727,-6.65999984741211,UK - Portrush,active,UK,
1928,50.7999992370605,-1.11000001430511,UK - Portsmouth,active,UK,
1931,50.6511116027832,-1.15315997600555,UK - Sandown Pier,active,UK,
1933,51.5701217651367,-2.70001006126404,UK - Second Severn Crossing,active,UK,
1932,51.4500007629395,0.740000009536743,UK - Sheerness,active,UK,
1934,54.6500015258789,-3.5699999332428,UK - St Marys,active,UK,
1009,-51.75,-57.9333305358887,UK - Stanley ,active,,
1012,58.2000007629395,-6.38000011444092,UK - Stornoway ,active,,
1935,50.6093330383301,-1.94917702674866,UK - Swanage Pier,active,UK,
1937,50.5438995361328,-3.49179005622864,UK - Teignmouth Pier,active,UK,
1938,56.6199989318848,-6.05999994277954,UK - Tobermory,active,UK,
1587,-37.0499992370605,-12.3000001907349,UK - Tristan da Cunha ,active,,
1939,57.9000015258789,-5.15999984741211,UK - Ullapool,active,UK,
1940,50.7101707458496,-2.7639799118042,UK - West Bay Harbour,active,UK,
1941,50.6100006103516,-2.45000004768372,UK - Weymouth,active,UK,
1942,54.4900016784668,-0.610000014305115,UK - Whitby,active,UK,
1943,58.439998626709,-3.08999991416931,UK - Wic,active,UK,
1944,54.6500015258789,-3.5699999332428,UK - Workington,active,UK,
1604,44.4160003662109,34.0499992370605,Ukraina - Kaciveli,active,,
1626,51.8629989624023,-176.63200378418,USA - Adak_AK,active,,
1629,37.7719993591309,-122.297996520996,USA - Alameda_CA,active,,
1628,56.8974990844727,-154.248092651367,USA - Alitak_US,active,,
1632,61.2379989624023,-149.888000488281,USA - Anchorage_AK,active,,
1635,29.7269992828369,-84.9820022583008,USA - Apalachicola_FL,active,,
1636,38.9129981994629,-123.705001831055,USA - Arena_Cove_CA,active,,
1640,46.2080001831055,-123.766998291016,USA - Astoria_OR,active,,
1275,52.2319984436035,-174.173004150391,USA - Atka_ AK,active,,
1625,39.3549995422363,-74.4182968139648,USA - Atlantic_City_NJ,active,,
1641,39.2669982910156,-76.5780029296875,USA - Baltimore_MD,active,,
818,44.3916015625,-68.2050018310547,USA - Bar_Harbor_ME ,active,,
2369,44.3916015625,-68.2050018310547,USA - Bar_Harbor_ME 2,active,USA,
1644,40.7000007629395,-74.0199966430664,USA - Battery_The_NY,active,,
1278,30.326000213623,-89.3259963989258,USA - Bay Waveland Yacht Club_ MS,active,,
821,34.7200012207031,-76.6699981689453,USA - Beaufort_NC ,active,,
825,42.3549995422363,-71.0515975952148,USA - Boston_MA ,active,,
1642,41.1733016967773,-73.1816024780273,USA - Bridgeport_CT,active,,
1286,29.7679996490479,-93.3430023193359,USA - Calcasieu Pass_ LA,active,,
1645,38.573299407959,-76.0682983398438,USA - Cambridge_MD,active,,
842,38.9682998657227,-74.9599990844727,USA - Cape_May_NJ ,active,,
836,43.3450012207031,-124.321701049805,USA - CharlestonOR ,active,,
1631,18.3332996368408,-64.9167022705078,USA - Charlotte-Amalie_VI,active,,
1646,48.8629989624023,-122.758003234863,USA - Cherry_Point_WA,active,,
854,27.9780006408691,-82.8320007324219,USA - Clearwater_Beach_FL ,active,,
848,60.5579986572266,-145.753005981445,USA - Cordova_AK ,active,,
1293,27.5799999237061,-97.2170028686523,USA - Corpus Christi_ TX,active,,
851,41.7449989318848,-124.182998657227,USA - Crescent_City_CA ,active,,
852,18.3008003234863,-65.3028030395508,USA - Culebra_Is_PR ,active,,
1715,44.656665802002,-67.2099990844727,USA - Cutler Farris Wharf_ ME,active,,
843,44.6399993896484,-67.3000030517578,USA - CutlerNavalBase_ME ,active,,
860,30.2000007629395,-88.0999984741211,USA - Dauphin_Island_AL ,active,,
862,36.1833000183105,-75.7465972900391,USA - Duck_Pier_NC ,active,,
866,30.0499992370605,-90.3679962158203,USA - East_Bank_1_LA ,active,,
869,44.9033012390137,-66.9850006103516,USA - East_Port_ME ,active,,
867,58.1932983398438,-136.343307495117,USA - Elfin_Cove_AK ,active,,
872,30.6720008850098,-81.4649963378906,USA - Fernadina_Beach_FL ,active,,
875,26.6499996185303,-81.870002746582,USA - Fort_Myers_FL ,active,,
878,32.0330009460449,-80.9020004272461,USA - Fort_Pulaski_GA ,active,,
880,37.806999206543,-122.464996337891,USA - Ft_Point San_Fran,active,,
887,29.3099994659424,-94.7929992675781,USA - Galveston_Pier_TX ,active,,
1309,29.2630004882813,-89.9570007324219,USA - Grand Isle_ LA,active,,
889,13.4379997253418,144.651992797852,USA - Guam (Apra Harbor) ,active,,
893,19.7329998016357,-155.057998657227,USA - Hilo Hawaii,active,,
897,21.306999206543,-157.867004394531,USA - Honolulu Oahu,active,,
903,16.7390003204346,-169.523300170898,USA - Johnston_US ,active,,
1654,20.8980007171631,-156.47200012207,USA - Kahului_ Maui,active,,
909,20.7800006866455,-156.899993896484,USA - Kaumalapau Hawaii,active,,
910,20.0359992980957,-155.832000732422,USA - Kawaihae Hawaii,active,,
917,24.55299949646,-81.8079986572266,USA - Key_West_FL ,active,,
1656,57.7317008972168,-152.511993408203,USA - Kodiak Island_ AK,active,,
916,8.7367000579834,167.738296508789,USA - Kwajalein_MH ,active,,
920,32.867000579834,-117.258003234863,USA - La_Jolla_CA ,active,,
922,18.2000007629395,-64.4400024414063,USA - LameshurBayStJohnVI ,active,,
1658,29.4496002197266,-91.3380966186523,USA - LAWMA_ Amerada Pass_ LA,active,,
928,17.7000007629395,-64.75,USA - Limetree_VI ,active,,
930,17.9766998291016,-67.0466995239258,USA - Magueyes_Island_PR ,active,,
939,28.2070007324219,-177.356002807617,USA - Midway ,active,,
1534,18.0900001525879,-67.9380035400391,USA - Mona Island PR (web) ,active,,
941,18.0900001525879,-67.9383010864258,USA - Mona_Island_PR ,active,,
1344,41.0480003356934,-71.9599990844727,USA - Montauk_ NY,active,,
2453,41.0483016967773,-71.9599990844727,USA - Montauk_ NY 1,active,USA,
2454,41.0483016967773,-71.9599990844727,USA - Montauk_ NY 2,active,USA,
2452,36.6049995422363,-121.886703491211,USA - Monterey,active,USA,
946,21.9570007324219,-159.360000610352,USA - Nawiliwili Kauai,active,,
952,64.5,-165.429992675781,USA - Nome_AK ,active,,
2414,34.4666595458984,-120.666702270508,USA - Oil Platform Harvest_ CA,active,USA,
958,13.4282999038696,144.796997070313,USA - Pago Bay  Guam,active,,
959,-14.2765998840332,-170.690704345703,USA - Pago_Pago_AS ,active,,
2473,5.8899998664856,-162.089996337891,USA - Palmyra Island,active,USA,
1677,30.4029998779297,-87.2119979858398,USA - Pensacola_FL,active,,
1673,28.9316997528076,-89.4067001342773,USA - Pilots Station East_ SW Pass_ LA,active,,
1681,70.3880004882813,-148.509994506836,USA - Prudhoe_Bay_AK,active,,
988,15.2265996932983,145.741592407227,USA - Saipan_US ,active,,
992,18.4617004394531,-66.11669921875,USA - San_Juan_PR ,active,,
997,55.3367004394531,-160.501693725586,USA - Sand_Point_AK ,active,,
1000,60.1189994812012,-149.427001953125,USA - Seward_AK ,active,,
2506,60.1189994812012,-149.427001953125,USA - Seward_AK 2,active,USA,
1003,57.051700592041,-135.341705322266,USA - Sitka_AK ,active,,
996,44.625,-124.042999267578,USA - South_Beach_OR ,active,,
1010,17.7418994903564,-64.6921997070313,USA - St_Croix_VI ,active,,
881,23.867000579834,-166.283004760742,USA - Tern Fr._Frigate_US,active,,
1024,53.8833312988281,-166.533294677734,USA - Unalaska ,active,,
1029,18.093900680542,-62.4714012145996,USA - Vieques_PR ,active,,
2530,18.093900680542,-65.4713973999023,USA - Vieques_PR 2,active,USA,
1034,19.2900009155273,166.61799621582,USA - Wake_US ,active,,
1430,46.9080009460449,-124.110000610352,USA - Westport_WA,active,,
1429,41.5229988098145,-70.6719970703125,USA - Woods Hole_ MA,active,,
1433,18.0550003051758,-65.8330001831055,USA - Yabucoa Harbor_ PR,active,,
1434,59.5480003356934,-139.735000610352,USA - Yakutat,active,,
2439,-15.5156002044678,167.188598632813,Vanuatu - Luganville,active,Vanuatu,
1027,-17.7553005218506,168.307693481445,Vanuatu - Vanuatu ,active,,
1885,-65.25,-64.2699966430664,Vernadsky - Faraday,active,Antarctica,
1686,13.7750997543335,109.254302978516,Viet Nam - Qui_Nhon,active,,
1031,10.3400001525879,107.070999145508,Viet Nam - Vung Tau ,active,,
1627,12.7882995605469,44.9742012023926,Yemen - Aden,active,,
1747,37.1333312988281,27.6166706085205,Turkey - Bodrum 30 s (real pos. is 27.41667),active,,
1890,36.0974235534668,32.9413146972656,Turkey - Bozyazi 30 sec,active,,
1888,36.6111221313477,34.3279342651367,Turkey - Erdemli 30 sec,active,,
1713,40.7666702270508,27.966667175293,Turkey - Marmara Ereglisi 30 s (real pos. is 42.96),active,,
1746,42.1166687011719,35.1500015258789,Turkey - Sinop 30 s (real pos. is 42.01667),active,,
2031,40.2330017089844,25.8939990997314,Turkey -Gokceada 30 sec,active,,
1889,36.5942306518555,36.1767692565918,Turkey -Iskenderun 30 sec,active,,
1947,57.1399993896484,-2.07999992370605,UK - Aberdeen_NOCS,active,UK,
1948,51.5,-2.73000001907349,UK - Avonmouth Portbury_NOCS,active,UK,
1949,54.6599998474121,-5.67000007629395,UK - Bangor_NOCS,active,UK,
1950,52.7200012207031,-4.05000019073486,UK - Barmouth_NOCS,active,UK,
1951,50.7099990844727,-1.87000000476837,UK - Bournemouth_NOCS,active,UK,
1952,52.9300003051758,1.29999995231628,UK - Cromer_NOCS,active,UK,
1953,51.1100006103516,1.32000005245209,UK - Dover_NOCS,active,UK,
1954,52.0099983215332,-4.98000001907349,UK - Fishguard_NOCS,active,UK,
1955,51.9500007629395,1.28999996185303,UK - Harwich_NOCS,active,UK,
1956,54.0299987792969,-2.92000007629395,UK - Heysham_NOCS,active,UK,
1957,51.2099990844727,-3.13000011444092,UK - Hinkley Point_NOCS,active,UK,
1958,53.310001373291,-4.61999988555908,UK - Holyhead2_NOCS,active,UK,
1959,51.2099990844727,-4.1100001335144,UK - Ilfracombe_NOCS,active,UK,
1960,53.6300010681152,-0.189999997615814,UK - Immingham_NOCS,active,UK,
1961,49.1800003051758,-2.11999988555908,UK - Jersey_NOCS,active,UK,
1962,58.4599990844727,-5.05000019073486,UK - Kinlochbervie_NOCS,active,UK,
1963,55.9900016784668,-3.1800000667572,UK - Leith_NOCS,active,UK,
1985,60.1500015258789,-1.13999998569489,UK - Lerwick_NOCS,active,UK,
1964,53.4500007629395,-3.01999998092651,UK - Liverpool_NOCS,active,UK,
1965,53.3300018310547,-3.82999992370605,UK - Llandudno_NOCS,active,UK,
1966,52.4700012207031,1.75,UK - Lowestoft_NOCS,active,UK,
1967,51.7099990844727,-5.05000019073486,UK - Milford Haven_NOCS,active,UK,
1968,55.75,-4.90999984741211,UK - Millport_NOCS,active,UK,
1969,51.5699996948242,-3.98000001907349,UK - Mumbles_NOCS,active,UK,
1970,50.7799987792969,0.0599999986588955,UK - Newhaven_NOCS,active,UK,
1986,50.0999984741211,-5.53999996185303,UK - Newlyn_NOCS,active,UK,
1971,51.5499992370605,-2.99000000953674,UK - Newport_NOCS,active,UK,
1972,55.0099983215332,-1.44000005722046,UK - North Shields_NOCS,active,UK,
1973,50.3699989318848,-4.19000005722046,UK - Plymouth_NOCS,active,UK,
1974,54.8400001525879,-5.11999988555908,UK - Portpatrick_NOCS,active,UK,
1975,55.2099990844727,-6.65999984741211,UK - Portrush_NOCS,active,UK,
1976,50.7999992370605,-1.11000001430511,UK - Portsmouth_NOCS,active,UK,
1977,51.4500007629395,0.740000009536743,UK - Sheerness_NOCS,active,UK,
1978,54.6500015258789,-3.5699999332428,UK - St Marys_NOCS,active,UK,
1987,58.2099990844727,-6.3899998664856,UK - Stornoway_NOCS,active,UK,
1979,56.6199989318848,-6.05999994277954,UK - Tobermory_NOCS,active,UK,
1980,57.9000015258789,-5.15999984741211,UK - Ullapool_NOCS,active,UK,
1981,50.6100006103516,-2.45000004768372,UK - Weymouth_NOCS,active,UK,
1982,54.4900016784668,-0.610000014305115,UK - Whitby_NOCS,active,UK,
1983,58.439998626709,-3.08999991416931,UK - Wic_NOCS,active,UK,
1984,54.6500015258789,-3.5699999332428,UK - Workington_NOCS,active,UK,
1873,38.7984008789063,15.1930999755859,Italy - Stromboli Sciara del Fuoco (15 sec),active,,
1872,38.7984008789063,15.1930999755859,Italy - Stromboli Sciara del Fuoco (1min),active,,
1874,38.7984008789063,15.1930999755859,Italy - Stromboli Sciara del Fuoco (5 sec),active,,
100007,45.81019,8.62856,TAD Large,active    ,Italy,JRC campus
100011,38.51468,-8.90935,PT Setubal 01,active    ,Portugal,Setubal (PT)
100018,36.1418,23.0037,JRC01-P,active    ,Greece,Kapsali (PRS)
100019,36.1418,23.0037,JRC01-R,active    ,Greece,Kapsali (RAD)
100020,35.224,23.6786,JRC02-P,active    ,Greece,Paleochora (PRS)
100021,35.224,23.6786,JRC02-R,active    ,Greece,Paleochora (RAD)
100022,36.79751,21.9628,JRC03-P,active    ,Greece,Koroni (PRS)
100023,36.79751,21.9628,JRC03-R,active    ,Greece,Koroni (RAD)
100029,38.494234,-8.930979,SET-01,active    ,Portugal,Setubal (Secil)
100031,38.8173,15.251701,ISPRA-01,active    ,Italy,Strombolicchio
100034,38.494234,-8.930979,SET-01a,active    ,Portugal,Setubal (Secil) - FTP
100037,38.8173,15.251701,ISPRA-02,active    ,Italy,Ginostra
100039,39.44203,-0.31128,PDE-01,active    ,Spain,Valencia
100040,40.67664,14.75084,ISPRA-03,active    ,Italy,Salerno
100041,45.64939,13.75794,ISPRA-04,active    ,Italy,Trieste
100048,33.6127,-7.6054,MAR-01,active    ,Maroc,Casablanca
100050,38.6932,-9.4154,IPMA-IGCAS,active    ,Portugal,Cascais
100052,37.0988,-8.6668,IPMA-IGLAG,active    ,Portugal,Lagos
100053,39.951,-8.892,IPMA-IHPEN,active    ,Portugal,Peniche
100054,41.185,-8.7033,IPMA-IHLEX,active    ,Portugal,Leix�es
100055,36.945,-25.1483,IPMA-IHSMA,active    ,Portugal,Santa Maria
100056,32.64,-16.9067,IPMA-IHFUL,active    ,Portugal,Funchal
100057,37.945,-8.892,IPMA-IHSIN,active    ,Portugal,Sines
100058,38.7984,15.1931,FI02,active    ,Italy,Stromboli02
100059,38.6932,-9.4154,FCUL-IGCAS,active    ,Portugal,Cascais
100060,37.0988,-8.6668,FCUL-IGLAG,active    ,Portugal,Lagos
100062,35.111863,-2.292942,IDSL-02,active    ,Morocco,Sa�dia Marina
100063,44.491368,12.282957,ISPRA-05,active    ,Italy,Ravenna02
100064,43.87834,8.0188,IDSL-01,active    ,Italy,Imperia
100065,44.096608,9.857644,ISPRA-06,active    ,Italy,La Spezia
100066,39.21019,9.114272,ISPRA-07,active    ,Italy,Cagliari
100067,39.081612,17.137044,ISPRA-08,active    ,Italy,Crotone
100068,38.12172,15.64892,ISPRA-09,active    ,Italy,Reggio Calabria
100069,38.19632,15.56351,ISPRA-10,active    ,Italy,Messina
100071,35.5,12.604,ISPRA-11,active    ,Italy,Lampedusa
100072,37.50454,13.07646,ISPRA-12,active    ,Italy,Sciacca
100075,36.1139,28.0696,NOA-01,active    ,Greece,Kalathos
100077,37.010253,-8.92846,IDSL-04,active    ,Portugal,Sagres
100078,37.082557,-8.260396,IDSL-05,active    ,Portugal,Albufeira
100079,36.54214,-6.280612,IDSL-06,active    ,Spain,Cadiz
100080,37.567146,-0.978958,IDSL-07,active    ,Spain,Cartagena
100083,36.83483,11.9366,IDSL-10,active    ,Italy,Pantelleria
100084,36.669117,15.122803,IDSL-11,active    ,Italy,Portopalo di Capo Passero
100085,38.908368,17.028664,IDSL-12,active    ,Italy,Le Castella
100086,37.945192,22.936536,IDSL-13,active    ,Greece,Corinth
100088,36.620688,29.092213,IDSL-15,active    ,Turkey,Fethiye
100091,43.80143,28.59518,IDSL-18,active    ,Romania,Mangalia
100092,44.147532,28.672009,IDSL-19,active    ,Romania,Constanta
100093,45.162173,29.727191,IDSL-20,active    ,Romania,Sulina
100094,34.25156,35.65641,IDSL-21,active    ,Lebanon,Batroun
100097,35.9273,27.8575,NOA-02,active    ,Greece,Plimiri
100101,36.620688,29.092213,SENTEZ-01,active    ,Turkey,Fethye
100103,35.111863,-2.292942,MAR-02,active    ,Morocco,Sa�dia Marina
100106,35.4186,26.92184,NOA-03,active    ,Greece,Kasos
100107,33.900068,35.50945,CNRS-01,active    ,Lebanon,Beirut
100108,43.87834,8.0188,IDSL-24,active    ,Italy,Imperia
